run_id,master_seed,derived_seed,fluids,fractions,COP,VHC,W_comp,pareto_rank,crowding_distance
1,123456789,3285393467,R142B&R21&R245FA&R365MFC&RE245FA2,0.040000;0.760000;0.120000;0.060000;0.020000,4.89907379623,5653829.44117,102060.107848,0,0.339235935524
1,123456789,3285393467,R1233ZDE&R1234ZEZ&R142B&R21&R245FA,0.100000;0.140000;0.380000;0.340000;0.040000,4.54082645757,6151015.67029,110112.113879,0,0.658485238017
1,123456789,3285393467,R1224YDZ&R1234ZEZ&R142B&R21&R245FA,0.040000;0.180000;0.600000;0.140000;0.040000,4.30995802234,6363363.86729,116010.410637,0,inf
1,123456789,3285393467,R1224YDZ&R1234ZEZ&R141B&R245FA&R365MFC,0.040000;0.020000;0.800000;0.100000;0.040000,5.03372255957,3399404.00257,99330.0671786,0,inf
1,123456789,3285393467,R1224YDZ&R1234ZEZ&R142B&R21&R245FA,0.060000;0.180000;0.540000;0.160000;0.060000,4.3365972999,6252680.39422,115297.770446,0,0.412059474695
1,123456789,3285393467,R123&R1234ZEZ&R142B&R21&R245FA,0.060000;0.100000;0.500000;0.280000;0.060000,4.452547565,6247980.21211,112295.263038,0,0.485894951134
1,123456789,3285393467,R1224YDZ&R1234ZEZ&R142B&R21&R245FA,0.060000;0.180000;0.560000;0.140000;0.060000,4.3132950203,6254838.06487,115920.658718,0,0.116873012957
1,123456789,3285393467,R1233ZDE&R141B&R21&R245CA&R245FA,0.100000;0.020000;0.700000;0.160000;0.020000,5.01159324909,5534542.87115,99768.6713882,0,1.1103202665
1,123456789,3285393467,R1224YDZ&R1234ZEZ&R142B&R21&R245FA,0.140000;0.140000;0.160000;0.520000;0.040000,4.75390037092,5935079.71765,105176.793998,0,0.157997874012
1,123456789,3285393467,R1233ZDE&R141B&R142B&R21&R245FA,0.100000;0.040000;0.200000;0.620000;0.040000,4.79213691336,5911541.60846,104337.586559,0,0.476166265803
1,123456789,3285393467,R1224YDZ&R1234ZEZ&R141B&R21&R245FA,0.080000;0.240000;0.040000;0.580000;0.060000,4.89685186684,5654737.54782,102106.417265,0,0.371236211005
1,123456789,3285393467,R1233ZDE&R1234ZEZ&R142B&R21&R245FA,0.100000;0.120000;0.200000;0.520000;0.060000,4.74687371568,6017694.05552,105332.484062,0,0.146107634253
1,123456789,3285393467,R1224YDZ&R1234ZEZ&R142B&R21&R245FA,0.080000;0.080000;0.220000;0.500000;0.120000,4.71664361543,6067938.28307,106007.585217,0,0.616211809007
1,123456789,3285393467,R1224YDZ&R1234ZEZ&R142B&R21&R245FA,0.060000;0.160000;0.400000;0.300000;0.080000,4.49677409726,6198234.42422,111190.820171,0,0.285567913415
2,123456789,1463949419,R1233ZDE&R1234ZEZ&R142B&R21&R245FA,0.100000;0.200000;0.240000;0.440000;0.020000,4.66648824539,6029869.66871,107146.953706,0,0.37366047754
2,123456789,1463949419,R123&R141B&R21&R245CA&RE245FA2,0.020000;0.820000;0.060000;0.060000;0.040000,5.13045770904,3373055.39319,97457.1916105,0,inf
2,123456789,1463949419,R123&R141B&R21&R245CA&RE245FA2,0.040000;0.760000;0.080000;0.080000;0.040000,5.08368705223,3431385.21494,98353.8118816,0,0.0488048152183
2,123456789,1463949419,R1233ZDE&R1234ZEZ&R142B&R21&R245FA,0.060000;0.100000;0.380000;0.380000;0.080000,4.57864827462,6237435.73543,109202.535336,0,inf
2,123456789,1463949419,R1234ZEZ&R142B&R21&R245FA&RE245FA2,0.100000;0.120000;0.620000;0.100000;0.060000,4.83103874608,5925629.42917,103497.410449,0,0.473825312362
2,123456789,1463949419,R123&R141B&R21&R245CA&RE245FA2,0.040000;0.740000;0.080000;0.080000;0.060000,5.07130212086,3432678.92069,98594.0076304,0,0.113658528853
2,123456789,1463949419,R1233ZDE&R1234ZEZ&R142B&R21&R245FA,0.100000;0.120000;0.200000;0.480000;0.100000,4.71797542673,5974168.79757,105977.660919,0,0.645316138193
2,123456789,1463949419,R1224YDZ&R142B&R21&R245FA&RE245FA2,0.100000;0.120000;0.620000;0.120000;0.040000,4.83592169426,5859552.20021,103392.906588,0,0.596913109303
2,123456789,1463949419,R123&R1233ZDE&R141B&R21&R245CA,0.060000;0.100000;0.700000;0.080000;0.060000,5.03811964194,3524483.54459,99243.3756113,0,0.160849321967
2,123456789,1463949419,R123&R141B&R21&R245CA&RE245FA2,0.040000;0.760000;0.060000;0.080000;0.060000,5.09764152188,3394515.01771,98084.5745732,0,0.176002276105
2,123456789,1463949419,R123&R141B&R21&R245CA&RE245FA2,0.040000;0.760000;0.080000;0.060000;0.060000,5.08421676879,3420998.32178,98343.5645524,0,0.0610834267689
2,123456789,1463949419,R123&R1233ZDE&R141B&R245CA&RE245FA2,0.180000;0.100000;0.600000;0.060000;0.060000,5.05107438678,3432790.88697,98988.8411284,0,0.0988755922616
2,123456789,1463949419,R1233ZDE&R141B&R21&R245CA&R245FA,0.060000;0.020000;0.720000;0.020000;0.180000,4.98262432656,5770588.31524,100348.725336,0,0.627277160755
2,123456789,1463949419,R123&R1233ZDE&R141B&R21&R245CA,0.040000;0.100000;0.680000;0.100000;0.080000,5.01037970677,3568025.81787,99792.8359252,0,0.17427259284
2,123456789,1463949419,R1233ZDE&R1234ZEZ&R141B&R21&R245CA,0.100000;0.140000;0.040000;0.680000;0.040000,4.98768580012,5617812.31542,100246.892053,0,0.804557051916
2,123456789,1463949419,R123&R141B&R21&R245CA&RE245FA2,0.040000;0.720000;0.100000;0.080000;0.060000,5.04675728717,3471546.75281,99073.5182117,0,0.0771592840831
2,123456789,1463949419,R123&R1233ZDE&R141B&R21&RE245FA2,0.060000;0.100000;0.660000;0.140000;0.040000,4.99683321694,3609376.89882,100063.375801,0,0.795397283737
2,123456789,1463949419,R1233ZDE&R1234ZEZ&R142B&R21&R245CA,0.060000;0.100000;0.340000;0.440000;0.060000,4.63545879481,6156065.64152,107864.188235,0,0.406662370052
3,123456789,3367517259,R1224YDZ&R123&R141B&R245FA&R365MFC,0.040000;0.220000;0.600000;0.060000;0.080000,5.02668586259,3402237.67284,99469.1161667,0,0.0741127860053
3,123456789,3367517259,R1224YDZ&R123&R1233ZDE&R141B&RE245FA2,0.060000;0.220000;0.120000;0.500000;0.100000,4.96569065783,3501215.20845,100690.9279,0,0.196706282873
3,123456789,3367517259,R123&R1233ZDE&R141B&R245CA&RE245FA2,0.220000;0.080000;0.540000;0.060000;0.100000,5.02579913964,3439858.95469,99486.6659226,0,0.0759486586585
3,123456789,3367517259,R123&R1234ZEZ&R21&R245FA&RE347MCCHFE7000,0.040000;0.100000;0.760000;0.060000;0.040000,4.94221806054,5605730.36923,101169.149939,0,0.117888936187
3,123456789,3367517259,R1224YDZ&R1233ZDE&R142B&R21&R245FA,0.060000;0.040000;0.460000;0.420000;0.020000,4.59036627961,6366316.51929,108923.769813,0,0.30177208986
3,123456789,3367517259,R123&R1233ZDE&R141B&R21&R245CA,0.120000;0.120000;0.540000;0.060000;0.160000,4.96028751794,3605900.74529,100800.608471,0,0.638078475625
3,123456789,3367517259,R1234ZEZ&R141B&R142B&R21&R245FA,0.120000;0.020000;0.300000;0.480000;0.080000,4.66428546908,6220333.45774,107197.555406,0,0.548164708991
3,123456789,3367517259,R1224YDZ&R1233ZDE&R1234ZEZ&R141B&R21,0.080000;0.100000;0.080000;0.080000;0.660000,4.95929337455,5415590.69444,100820.815031,0,0.630528422131
3,123456789,3367517259,R1224YDZ&R123&R142B&R21&R245FA,0.100000;0.060000;0.140000;0.600000;0.100000,4.81482347496,5827021.71652,103845.967064,0,0.300002911611
3,123456789,3367517259,R1224YDZ&R1233ZDE&R1234ZEZ&R142B&R21,0.100000;0.140000;0.100000;0.100000;0.560000,4.83651358504,5716503.56104,103380.253401,0,0.385325206138
3,123456789,3367517259,R1224YDZ&R1234ZEZ&R142B&R21&R245FA,0.080000;0.080000;0.180000;0.560000;0.100000,4.77817017563,6061173.24238,104642.568519,0,0.310342424366
3,123456789,3367517259,R1224YDZ&R1234ZEZ&R142B&R21&R245FA,0.100000;0.060000;0.220000;0.540000;0.080000,4.74501415719,6084784.31639,105373.763583,0,0.42660621619
3,123456789,3367517259,R123&R1234ZEZ&R141B&R245CA&RE347MCCHFE7000,0.140000;0.020000;0.800000;0.020000;0.020000,5.14335677337,3309969.25781,97212.7779641,0,inf
3,123456789,3367517259,R1224YDZ&R1233ZDE&R1234ZEZ&R21&R245CA,0.100000;0.160000;0.100000;0.600000;0.040000,4.95659960288,5523170.59385,100875.608292,0,0.0894029789904
3,123456789,3367517259,R123&R1233ZDE&R1234ZEZ&R141B&R245CA,0.140000;0.080000;0.040000;0.660000;0.080000,5.00939611633,3471395.78441,99812.430159,0,0.207031144993
3,123456789,3367517259,R1224YDZ&R1234ZEZ&R21&R245CA&R245FA,0.120000;0.140000;0.600000;0.060000;0.080000,4.92144959343,5688601.96546,101596.082721,0,0.372005505167
3,123456789,3367517259,R123&R1234ZEZ&R141B&R245CA&RE347MCCHFE7000,0.140000;0.040000;0.720000;0.060000;0.040000,5.04725054725,3348500.02089,99063.8359081,0,0.0596105639008
3,123456789,3367517259,R1233ZDE&R1234ZEZ&R21&R245CA&R245FA,0.140000;0.100000;0.600000;0.100000;0.060000,4.94742640144,5577080.95837,101062.64539,0,0.0718538191546
3,123456789,3367517259,R123&R141B&R245CA&R245FA&RE347MCCHFE7000,0.120000;0.680000;0.080000;0.080000;0.040000,5.04279640255,3373072.15992,99151.3359031,0,0.0808975594989
3,123456789,3367517259,R1233ZDE&R1234ZEZ&R142B&R21&R245FA,0.060000;0.060000;0.500000;0.340000;0.040000,4.52303161804,6407546.05064,110545.324955,0,inf
3,123456789,3367517259,R123&R1234ZEZ&R141B&R245CA&RE347MCCHFE7000,0.140000;0.040000;0.740000;0.040000;0.040000,5.05843582239,3337740.5105,98844.784743,0,0.306205326213
3,123456789,3367517259,R1224YDZ&R1233ZDE&R142B&R21&R245FA,0.080000;0.060000;0.420000;0.420000;0.020000,4.59515312348,6236021.84525,108810.302195,0,0.295763871004
4,123456789,1724789829,R1234ZEZ&R141B&R142B&R21&R245FA,0.060000;0.040000;0.700000;0.160000;0.040000,4.32654400517,6461978.55068,115565.679998,0,inf
4,123456789,1724789829,R1233ZDE&R1234ZEZ&R21&R245FA&RE245FA2,0.020000;0.020000;0.800000;0.120000;0.040000,5.04301976316,5888980.79352,99146.9443869,0,inf
4,123456789,1724789829,R1233ZDE&R1234ZEZ&R142B&R21&R245FA,0.040000;0.040000;0.260000;0.560000;0.100000,4.7545138363,6228053.49329,105163.223247,0,0.173212373651
4,123456789,1724789829,R1233ZDE&R1234ZEZ&R142B&R21&R245FA,0.040000;0.040000;0.220000;0.600000;0.100000,4.79780779773,6194899.64884,104214.262238,0,0.163126574235
4,123456789,1724789829,R1233ZDE&R1234ZEZ&R142B&R21&R245FA,0.040000;0.060000;0.200000;0.600000;0.100000,4.80552148314,6164302.18457,104046.98049,0,0.18215561618
4,123456789,1724789829,R1233ZDE&R1234ZEZ&R142B&R21&R245FA,0.040000;0.040000;0.180000;0.640000;0.100000,4.84270036902,6160142.8069,103248.180127,0,0.196656949362
4,123456789,1724789829,R1233ZDE&R1234ZEZ&R142B&R21&R245FA,0.040000;0.060000;0.100000;0.720000;0.080000,4.93953322586,6091158.84293,101224.139435,0,0.913759010263
4,123456789,1724789829,R1233ZDE&R1234ZEZ&R142B&R21&R245FA,0.040000;0.040000;0.240000;0.580000;0.100000,4.77598055038,6211688.41802,104690.543591,0,0.176084061793
4,123456789,1724789829,R1234ZEZ&R142B&R21&R245FA&RE245FA2,0.040000;0.320000;0.520000;0.100000;0.020000,4.69668483951,6289100.68718,106458.069274,0,0.253781659523
4,123456789,1724789829,R1233ZDE&R1234ZEZ&R142B&R21&R245FA,0.040000;0.040000;0.160000;0.640000;0.120000,4.85182828379,6123308.10473,103053.935703,0,0.378819232381
4,123456789,1724789829,R1233ZDE&R1234ZEZ&R142B&R21&R245FA,0.040000;0.040000;0.280000;0.540000;0.100000,4.73336977729,6243970.53842,105632.989503,0,0.17044275053
4,123456789,1724789829,R1234ZEZ&R141B&R142B&R21&R245FA,0.080000;0.040000;0.640000;0.180000;0.060000,4.34616131142,6376874.99076,115044.05018,0,1.21492202649
4,123456789,1724789829,R1233ZDE&R1234ZEZ&R142B&R21&R245FA,0.040000;0.040000;0.360000;0.480000;0.080000,4.66549068418,6329907.54954,107169.863546,0,1.16535530543
4,123456789,1724789829,R1233ZDE&R1234ZEZ&R142B&R21&R245FA,0.040000;0.040000;0.300000;0.520000;0.100000,4.71251136779,6259414.12341,106100.539814,0,0.180215733119
5,123456789,1921868321,R1224YDZ&R123&R141B&R245CA&R245FA,0.080000;0.140000;0.660000;0.100000;0.020000,5.03295067791,3442762.71738,99345.300997,0,0.128774932568
5,123456789,1921868321,R123&R141B&R21&R245CA&R245FA,0.140000;0.640000;0.060000;0.120000;0.040000,5.01952231035,3512261.39066,99611.0723462,0,0.80787958075
5,123456789,1921868321,R123&R1233ZDE&R142B&R21&R245FA,0.040000;0.040000;0.120000;0.680000;0.120000,4.89013007835,5966243.99058,102246.768898,0,0.956297719517
5,123456789,1921868321,R123&R141B&R21&R245CA&R245FA,0.160000;0.020000;0.760000;0.020000;0.040000,5.01436657903,5458512.34645,99713.4916485,0,0.769627914825
5,123456789,1921868321,R1233ZDE&R141B&R21&R245CA&R245FA,0.100000;0.040000;0.740000;0.060000;0.060000,5.01428487075,5604003.03793,99715.1164899,0,0.566700513516
5,123456789,1921868321,R1234ZEZ&R141B&R142B&R21&R245FA,0.100000;0.040000;0.320000;0.480000;0.060000,4.64307037215,6176944.28066,107687.362009,0,0.105038852093
5,123456789,1921868321,R141B&R142B&R21&R245CA&R245FA,0.020000;0.220000;0.560000;0.040000;0.160000,4.75294360519,6041830.99012,105197.966047,0,0.881112185744
5,123456789,1921868321,R1233ZDE&R1234ZEZ&R21&R245CA&R245FA,0.100000;0.180000;0.560000;0.080000;0.080000,4.91189775239,5625298.01343,101793.649869,0,0.744934353643
5,123456789,1921868321,R1234ZEZ&R142B&R21&R245CA&R245FA,0.140000;0.220000;0.500000;0.080000;0.060000,4.72399028483,6056063.27669,105842.724022,0,0.52570697114
5,123456789,1921868321,R1224YDZ&R1234ZEZ&R142B&R21&R245FA,0.060000;0.120000;0.300000;0.440000;0.080000,4.64205097189,6183960.74166,107711.01029,0,inf
5,123456789,1921868321,R123&R1233ZDE&R141B&R245FA&RE347MCCHFE7000,0.180000;0.120000;0.620000;0.020000;0.060000,5.03568063368,3372347.73507,99291.4436741,0,inf
5,123456789,1921868321,R1233ZDE&R1234ZEZ&R142B&R21&R245FA,0.080000;0.100000;0.280000;0.440000;0.100000,4.65590737414,6094651.8724,107390.452563,0,0.467656610991
6,123456789,2241116508,R1233ZDE&R1234ZEZ&R142B&R21&R365MFC,0.020000;0.300000;0.020000;0.640000;0.020000,4.92479784808,5835159.63071,101527.009925,0,0.41815168453
6,123456789,2241116508,R1233ZDE&R142B&R21&R245FA&R365MFC,0.040000;0.120000;0.720000;0.080000;0.040000,4.86348402929,5871179.35372,102806.958343,0,0.37735507587
6,123456789,2241116508,R123&R141B&R21&R365MFC&RE245FA2,0.020000;0.720000;0.020000;0.120000;0.120000,5.11045290119,3247323.56782,97838.6866424,0,inf
6,123456789,2241116508,R1233ZDE&R1234ZEZ&R142B&R21&R245FA,0.040000;0.260000;0.080000;0.500000;0.120000,4.79798379077,5883396.50792,104210.439594,0,0.414533443526
6,123456789,2241116508,R1224YDZ&R1336MZZZ&R142B&R21&R245FA,0.120000;0.020000;0.500000;0.260000;0.100000,4.42204567822,6091306.80157,113069.840608,0,inf
6,123456789,2241116508,R123&R1336MZZZ&R142B&R21&R365MFC,0.160000;0.020000;0.040000;0.760000;0.020000,4.95558307195,5419208.03025,100896.300746,0,0.404454731413
6,123456789,2241116508,R123&R1233ZDE&R1336MZZZ&R141B&R21,0.080000;0.060000;0.020000;0.120000;0.720000,4.98410653823,5155499.50153,100318.882866,0,0.803802268119
6,123456789,2241116508,R1234ZEZ&R142B&R21&R245FA&R365MFC,0.240000;0.140000;0.500000;0.100000;0.020000,4.72596937909,5923431.55113,105798.400263,0,0.514136430548
6,123456789,2241116508,R1224YDZ&R1234ZEZ&R142B&R21&R245FA,0.140000;0.020000;0.440000;0.260000;0.140000,4.45635846224,6061328.44284,112199.232678,0,0.0418809362705
6,123456789,2241116508,R1233ZDE&R1234ZEZ&R142B&R21&R245FA,0.060000;0.200000;0.300000;0.320000;0.120000,4.54985539558,6028134.9857,109893.60244,0,0.315492141811
6,123456789,2241116508,R123&R1233ZDE&R142B&R21&R245FA,0.040000;0.080000;0.300000;0.420000;0.160000,4.6319605099,5962263.5957,107945.652587,0,0.451945428072
6,123456789,2241116508,R1233ZDE&R1234ZEZ&R142B&R21&R245FA,0.100000;0.140000;0.300000;0.360000;0.100000,4.58504003842,6019342.46028,109050.30181,0,0.270322367637
6,123456789,2241116508,R123&R1233ZDE&R141B&R365MFC&RE245FA2,0.100000;0.020000;0.640000;0.120000;0.120000,5.08672933376,3263249.23364,98294.9882318,0,0.145718925016
6,123456789,2241116508,R1224YDZ&R123&R1336MZZZ&R141B&RE245FA2,0.220000;0.160000;0.180000;0.280000;0.160000,5.08440217703,3460521.74269,98339.9783477,0,0.315570652752
6,123456789,2241116508,R123&R1233ZDE&R141B&R21&R365MFC,0.040000;0.200000;0.600000;0.040000;0.120000,4.99762512581,3465379.71199,100047.520055,0,0.871604357204
6,123456789,2241116508,R1233ZDE&R1234ZEZ&R142B&R21&R245FA,0.060000;0.240000;0.340000;0.260000;0.100000,4.48299922991,6031565.58975,111532.475104,0,0.292377496904
6,123456789,2241116508,R1224YDZ&R1234ZEZ&R142B&R21&R245FA,0.120000;0.120000;0.400000;0.260000;0.100000,4.45792797967,6056741.73221,112159.730323,0,0.0929402467925
6,123456789,2241116508,R1233ZDE&R1336MZZZ&R142B&R21&R245FA,0.040000;0.040000;0.480000;0.300000;0.140000,4.44682488689,6077689.96617,112439.777306,0,0.117544389197
7,123456789,833672388,R123&R1233ZDE&R141B&R245CA&R365MFC,0.100000;0.140000;0.640000;0.100000;0.020000,5.04805382884,3447968.40143,99048.0721786,0,0.0994418882059
7,123456789,833672388,R1234ZEZ&R142B&R21&R245CA&R245FA,0.120000;0.180000;0.440000;0.120000;0.140000,4.69400215224,5833531.78525,106518.911535,0,0.510206472235
7,123456789,833672388,R1234ZEZ&R142B&R21&R245CA&R245FA,0.120000;0.300000;0.400000;0.100000;0.080000,4.61561349702,6036654.44233,108327.961239,0,0.470218091925
7,123456789,833672388,R123&R1233ZDE&R141B&R245CA&R365MFC,0.120000;0.140000;0.600000;0.100000;0.040000,5.03063393177,3452874.23753,99391.0522574,0,0.107683265296
7,123456789,833672388,R123&R1233ZDE&R141B&R365MFC&RE245FA2,0.180000;0.200000;0.540000;0.020000;0.060000,5.01119324102,3482521.57078,99776.6352148,0,0.183290486829
7,123456789,833672388,R123&R1336MZZZ&R141B&R245FA&R365MFC,0.160000;0.080000;0.640000;0.020000;0.100000,5.08596211022,3289537.39749,98309.8161498,0,inf
7,123456789,833672388,R123&R1233ZDE&R1336MZZZ&R141B&R245FA,0.140000;0.200000;0.080000;0.540000;0.040000,4.96817555672,3511144.92024,100640.565997,0,0.774294994264
7,123456789,833672388,R123&R1233ZDE&R142B&R21&R245CA,0.020000;0.260000;0.020000;0.600000;0.100000,4.96504276306,5386564.09912,100704.067188,0,0.83739923696
7,123456789,833672388,R123&R1234ZEZ&R142B&R21&R245CA,0.040000;0.140000;0.100000;0.600000;0.120000,4.85987401576,5793511.36879,102883.325448,0,0.540834966848
7,123456789,833672388,R1224YDZ&R1234ZEZ&R142B&R21&R245CA,0.040000;0.140000;0.260000;0.460000;0.100000,4.67430659184,6019228.28244,106967.737391,0,0.246140672204
7,123456789,833672388,R123&R1234ZEZ&R21&R245CA&R245FA,0.060000;0.140000;0.540000;0.120000;0.140000,4.8760241228,5525163.89535,102542.560785,0,0.138895753235
7,123456789,833672388,R1233ZDE&R142B&R21&R245CA&R245FA,0.260000;0.040000;0.540000;0.120000;0.040000,4.89679410293,5400604.9441,102107.62174,0,0.283838614631
7,123456789,833672388,R1224YDZ&R123&R142B&R21&R245CA,0.120000;0.040000;0.100000;0.600000;0.140000,4.86584963331,5624792.15486,102756.977235,0,0.0947380094126
7,123456789,833672388,R1224YDZ&R1234ZEZ&R142B&R21&R245FA,0.080000;0.180000;0.460000;0.220000;0.060000,4.40665644635,6179737.02139,113464.710963,0,0.166236321526
7,123456789,833672388,R123&R1336MZZZ&R141B&R245FA&R365MFC,0.160000;0.080000;0.620000;0.040000;0.100000,5.06024983869,3310555.33687,98809.3505141,0,0.0996852581578
7,123456789,833672388,R1224YDZ&R142B&R21&R245CA&R245FA,0.140000;0.060000;0.580000;0.160000;0.060000,4.87033559114,5599233.9234,102662.330068,0,0.0614567910566
7,123456789,833672388,R123&R1336MZZZ&R141B&R245FA&R365MFC,0.180000;0.100000;0.600000;0.040000;0.080000,5.05164874109,3321951.78951,98977.5864528,0,0.07871612278
7,123456789,833672388,R1224YDZ&R1234ZEZ&R142B&R21&R245FA,0.160000;0.080000;0.180000;0.440000;0.140000,4.68003411021,5846427.96545,106836.828157,0,0.11858448775
7,123456789,833672388,R1224YDZ&R1234ZEZ&R142B&R21&R245FA,0.080000;0.180000;0.440000;0.220000;0.080000,4.41177879529,6135902.18968,113332.971393,0,0.354846433439
7,123456789,833672388,R1224YDZ&R1234ZEZ&R142B&R21&R245FA,0.080000;0.160000;0.360000;0.320000;0.080000,4.52202563605,6129755.17269,110569.917166,0,0.623965901234
7,123456789,833672388,R1224YDZ&R1234ZEZ&R142B&R21&R245FA,0.060000;0.180000;0.500000;0.180000;0.080000,4.36381768595,6203677.77766,114578.572246,0,inf
8,123456789,3701117915,R1233ZDE&R1234ZEZ&R142B&R21&R245FA,0.060000;0.080000;0.540000;0.220000;0.100000,4.41350472468,6292353.13139,113288.651806,0,inf
8,123456789,3701117915,R1224YDZ&R1234ZEZ&R21&R245FA&RE245FA2,0.120000;0.080000;0.640000;0.120000;0.040000,4.92622883623,5681328.44438,101497.518005,0,0.227028502898
8,123456789,3701117915,R1234ZEZ&R142B&R21&R245CA&R245FA,0.140000;0.060000;0.600000;0.040000;0.160000,4.87682561119,5924604.61848,102525.708291,0,0.374554616908
8,123456789,3701117915,R1224YDZ&R123&R1233ZDE&R1234ZEZ&R245CA,0.140000;0.240000;0.220000;0.220000;0.180000,5.09701889703,4271315.75505,98096.5560656,0,1.89215793767
8,123456789,3701117915,R1224YDZ&R1234ZEZ&R142B&R21&R245FA,0.060000;0.080000;0.220000;0.480000;0.160000,4.70339709448,6061546.27206,106306.142126,0,0.0902597288356
8,123456789,3701117915,R1224YDZ&R1234ZEZ&R142B&R21&R245FA,0.080000;0.140000;0.220000;0.480000;0.080000,4.69982147599,6065763.71315,106387.01971,0,0.168065152166
8,123456789,3701117915,R1224YDZ&R1234ZEZ&R142B&R21&R245FA,0.120000;0.100000;0.160000;0.520000;0.100000,4.75438005009,5946595.79002,105166.182495,0,0.23752649225
8,123456789,3701117915,R123&R1234ZEZ&R141B&R142B&R21,0.040000;0.080000;0.040000;0.480000;0.360000,4.49966266902,6236011.13883,111119.440896,0,0.218165546059
8,123456789,3701117915,R1224YDZ&R1233ZDE&R1234ZEZ&R245FA&RE245FA2,0.040000;0.180000;0.260000;0.240000;0.280000,5.84631989643,4126603.73131,85523.8866257,0,inf
8,123456789,3701117915,R1234ZEZ&R142B&R21&R245FA&RE245FA2,0.080000;0.200000;0.540000;0.120000;0.060000,4.73214882742,5975838.72197,105660.244053,0,0.129716686375
8,123456789,3701117915,R1233ZDE&R141B&R142B&R21&R245FA,0.020000;0.040000;0.360000;0.440000;0.140000,4.60549369001,6114151.38847,108565.993931,0,0.0841916532042
8,123456789,3701117915,R1224YDZ&R1234ZEZ&R142B&R21&RE245FA2,0.020000;0.160000;0.360000;0.420000;0.040000,4.58513781206,6215245.60077,109047.976417,0,0.222096253374
8,123456789,3701117915,R1233ZDE&R1234ZEZ&R142B&R21&R245FA,0.060000;0.100000;0.480000;0.260000;0.100000,4.45738074272,6250826.43652,112173.500282,0,0.164275134242
8,123456789,3701117915,R1234ZEZ&R142B&R21&R245FA&RE245FA2,0.080000;0.320000;0.420000;0.140000;0.040000,4.60668174698,6105252.32928,108537.994909,0,0.166655950727
8,123456789,3701117915,R1233ZDE&R1234ZEZ&R142B&R21&R245CA,0.140000;0.020000;0.060000;0.660000;0.120000,4.95446218081,5675587.0832,100919.127395,0,0.892741671549
9,123456789,1610998502,R123&R1336MZZZ&R141B&RE245FA2&RE347MCCHFE7000,0.140000;0.080000;0.620000;0.080000;0.080000,5.0485337161,3220004.90503,99038.6571858,0,inf
9,123456789,1610998502,R1234ZEZ&R142B&R21&R245CA&R245FA,0.100000;0.660000;0.160000;0.060000;0.020000,4.33441446282,6425124.53749,115355.835093,0,inf
9,123456789,1610998502,R123&R1233ZDE&R1336MZZZ&R141B&R245CA,0.140000;0.140000;0.060000;0.540000;0.120000,4.99415867775,3485048.8041,100116.963089,0,0.830433490113
9,123456789,1610998502,R1234ZEZ&R142B&R21&R245CA&R245FA,0.080000;0.460000;0.360000;0.060000;0.040000,4.54576645563,6347614.32142,109992.452292,0,1.0627100948
9,123456789,1610998502,R1224YDZ&R1234ZEZ&R142B&R21&R245FA,0.100000;0.120000;0.200000;0.480000;0.100000,4.7069928892,6001056.76409,106224.932089,0,0.227594329073
9,123456789,1610998502,R1224YDZ&R123&R1234ZEZ&R21&R245CA,0.120000;0.060000;0.100000;0.680000;0.040000,4.98788515714,5617114.95791,100242.885361,0,0.972503770678
9,123456789,1610998502,R1224YDZ&R1234ZEZ&R21&R245CA&R245FA,0.120000;0.120000;0.560000;0.060000;0.140000,4.88229085448,5649355.95338,102410.940868,0,0.364087288547
9,123456789,1610998502,R123&R1234ZEZ&R142B&R21&R245FA,0.060000;0.100000;0.180000;0.520000;0.140000,4.74072791397,5946920.89144,105469.035362,0,0.0642171696666
9,123456789,1610998502,R1224YDZ&R1234ZEZ&R142B&R21&R245CA,0.120000;0.100000;0.160000;0.560000;0.060000,4.79303444595,5909343.20405,104318.048543,0,0.374761753453
9,123456789,1610998502,R1224YDZ&R142B&R21&R245FA&RE245FA2,0.060000;0.220000;0.540000;0.140000;0.040000,4.73314780368,5987992.40185,105637.943445,0,0.110455693298
9,123456789,1610998502,R1234ZEZ&R142B&R21&R245CA&R245FA,0.120000;0.300000;0.480000;0.040000;0.060000,4.67967555839,6240364.46468,106845.013882,0,0.564788748763
9,123456789,1610998502,R123&R1336MZZZ&R141B&R245CA&RE245FA2,0.140000;0.120000;0.560000;0.120000;0.060000,5.03531215629,3353799.51618,99298.7096887,0,0.22492080916
9,123456789,1610998502,R1224YDZ&R1234ZEZ&R142B&R21&R245CA,0.140000;0.120000;0.080000;0.600000;0.060000,4.87167169258,5792755.94395,102634.173966,0,0.322981637593
9,123456789,1610998502,R1234ZEZ&R142B&R21&R245CA&R245FA,0.120000;0.160000;0.500000;0.080000;0.140000,4.750072904,5932067.15893,105261.542318,0,0.155508835085
10,123456789,1311302439,R1224YDZ&R1233ZDE&R1234ZEZ&R142B&R21,0.140000;0.040000;0.040000;0.640000;0.140000,4.30480941066,6222496.55782,116149.160695,0,inf
10,123456789,1311302439,R1224YDZ&R1233ZDE&R142B&R21&R245CA,0.140000;0.060000;0.240000;0.540000;0.020000,4.74176015364,5943290.61349,105446.075676,0,0.347594865259
10,123456789,1311302439,R1233ZDE&R1234ZEZ&R142B&R21&R245FA,0.040000;0.080000;0.520000;0.200000;0.160000,4.39891818668,6221749.93303,113664.309901,0,0.482078862333
10,123456789,1311302439,R1234ZEZ&R141B&R21&R245FA&RE245FA2,0.040000;0.040000;0.760000;0.080000;0.080000,4.98272308083,5617114.66696,100346.736491,0,inf
10,123456789,1311302439,R123&R1234ZEZ&R142B&R21&R245FA,0.020000;0.120000;0.020000;0.540000;0.300000,4.84349655303,5778399.26189,103231.207977,0,0.986705488443
10,123456789,1311302439,R1233ZDE&R1234ZEZ&R142B&R21&R245FA,0.060000;0.120000;0.380000;0.300000;0.140000,4.51360051156,6119269.48314,110776.307899,0,0.627593664994
10,123456789,1311302439,R1233ZDE&R1234ZEZ&R142B&R21&R245FA,0.060000;0.080000;0.480000;0.220000;0.160000,4.42516375619,6159151.24225,112990.16885,0,0.521208726761
10,123456789,1311302439,R1233ZDE&R1234ZEZ&R141B&R142B&R21,0.040000;0.080000;0.060000;0.360000;0.460000,4.60078265645,6101275.23026,108677.161548,0,0.402992696802
10,123456789,1311302439,R1233ZDE&R1234ZEZ&R142B&R21&R245FA,0.120000;0.060000;0.220000;0.500000;0.100000,4.7256172888,5986126.45332,105806.282956,0,0.473726131831
10,123456789,1311302439,R123&R1233ZDE&R1234ZEZ&R142B&R21,0.080000;0.100000;0.080000;0.200000;0.540000,4.74229586544,5804848.57392,105434.163997,0,0.562608548675
10,123456789,1311302439,R1224YDZ&R1233ZDE&R1234ZEZ&R142B&R21,0.120000;0.080000;0.060000;0.320000;0.420000,4.61445183116,6004940.43095,108355.232278,0,0.444198818703
10,123456789,1311302439,R1233ZDE&R1234ZEZ&R142B&R21&R245FA,0.080000;0.080000;0.300000;0.380000;0.160000,4.60530001736,6041694.29901,108570.559598,0,0.199666362699
11,123456789,3553816658,R123&R141B&R245CA&R245FA&R365MFC,0.060000;0.760000;0.080000;0.080000;0.020000,5.09887910389,3375466.98266,98060.7678301,0,0.117046866032
11,123456789,3553816658,R123&R141B&R245CA&R245FA&R365MFC,0.080000;0.680000;0.100000;0.100000;0.040000,5.03983003849,3415743.62437,99209.6948074,0,0.818610128366
11,123456789,3553816658,R123&R141B&R245CA&R245FA&R365MFC,0.060000;0.700000;0.100000;0.100000;0.040000,5.0500149986,3405394.37611,99009.6069296,0,0.0317908044638
11,123456789,3553816658,R1234ZEZ&R142B&R21&R365MFC&RE347MCCHFE7000,0.140000;0.660000;0.160000;0.020000;0.020000,4.25109543457,6289785.04588,117616.743189,0,inf
11,123456789,3553816658,R123&R141B&R245CA&R245FA&R365MFC,0.080000;0.700000;0.080000;0.100000;0.040000,5.05274523026,3404340.05141,98956.1074653,0,0.0309268689653
11,123456789,3553816658,R123&R141B&R245CA&R245FA&R365MFC,0.060000;0.700000;0.120000;0.080000;0.040000,5.06249964073,3393641.24504,98765.4391078,0,0.0307335622281
11,123456789,3553816658,R1233ZDE&R1234ZEZ&R1336MZZZ&R142B&R21,0.040000;0.240000;0.020000;0.140000;0.560000,4.78136143863,5960417.49263,104572.726078,0,0.0856800796952
11,123456789,3553816658,R1233ZDE&R1234ZEZ&R21&R245FA&RE245FA2,0.080000;0.060000;0.760000;0.040000;0.060000,5.03211427162,5729214.49445,99361.8135463,0,1.40280155154
11,123456789,3553816658,R123&R141B&R245CA&R245FA&R365MFC,0.080000;0.700000;0.100000;0.080000;0.040000,5.06516506655,3392706.41567,98713.4660827,0,0.0843790450842
11,123456789,3553816658,R123&R141B&R245CA&R365MFC&RE245FA2,0.080000;0.680000;0.100000;0.040000;0.100000,5.10667311303,3309819.21376,97911.1035567,0,inf
11,123456789,3553816658,R1233ZDE&R142B&R21&R245FA&RE245FA2,0.080000;0.200000;0.600000;0.060000;0.060000,4.78574997315,5914569.04974,104476.832849,0,0.635103561087
11,123456789,3553816658,R1233ZDE&R1234ZEZ&R142B&R21&R245FA,0.080000;0.100000;0.420000;0.340000;0.060000,4.53508582773,6236437.65213,110251.496662,0,1.19485464986
11,123456789,3553816658,R1233ZDE&R1234ZEZ&R142B&R21&R245FA,0.100000;0.100000;0.180000;0.520000;0.100000,4.75713713788,5975205.67112,105105.231468,0,0.124184922543
11,123456789,3553816658,R1233ZDE&R1234ZEZ&R142B&R21&R245FA,0.080000;0.080000;0.260000;0.520000;0.060000,4.72209008137,6143700.66138,105885.315905,0,0.544467488391
11,123456789,3553816658,R1233ZDE&R1234ZEZ&R142B&R21&R245FA,0.100000;0.080000;0.220000;0.520000;0.080000,4.73896368238,6041332.31045,105508.299601,0,0.137092486184
12,123456789,2208986090,R123&R1233ZDE&R141B&R21&R365MFC,0.140000;0.060000;0.660000;0.040000;0.100000,5.07798337037,3385204.58802,98464.2846445,0,inf
12,123456789,2208986090,R123&R1234ZEZ&R141B&R21&R245CA,0.020000;0.060000;0.100000;0.800000;0.020000,5.02329251563,5564477.07665,99536.3097896,0,1.22475961128
12,123456789,2208986090,R123&R1234ZEZ&R21&R245CA&R245FA,0.040000;0.160000;0.680000;0.040000;0.080000,4.97896450327,5802040.99053,100422.487381,0,1.61024934905
12,123456789,2208986090,R123&R1233ZDE&R141B&R21&R365MFC,0.140000;0.080000;0.660000;0.060000;0.060000,5.06318040106,3450199.7211,98752.1597879,0,1.29940310008
12,123456789,2208986090,R1224YDZ&R1234ZEZ&R142B&R21&R245CA,0.060000;0.020000;0.200000;0.700000;0.020000,4.87331094884,6204597.71723,102599.650474,0,inf
12,123456789,2208986090,R1224YDZ&R1233ZDE&R1234ZEZ&R21&R245CA,0.080000;0.080000;0.080000;0.700000;0.060000,5.01869610297,5693734.60841,99627.4709091,0,0.515133375308
13,123456789,4054623901,R1233ZDE&R1234ZEZ&R142B&R21&RE245FA2,0.080000;0.040000;0.460000;0.400000;0.020000,4.56389033441,6309660.6791,109555.65611,0,0.423174387575
13,123456789,4054623901,R1233ZDE&R1234ZEZ&R142B&R21&RE245FA2,0.060000;0.080000;0.480000;0.360000;0.020000,4.52630853296,6345020.9973,110465.293375,0,inf
13,123456789,4054623901,R1224YDZ&R142B&R21&R245CA&RE245FA2,0.140000;0.020000;0.720000;0.100000;0.020000,5.00469033653,5669853.88665,99906.281184,0,0.151659281376
13,123456789,4054623901,R142B&R21&R245CA&R245FA&RE245FA2,0.080000;0.640000;0.100000;0.160000;0.020000,4.88548463207,5834459.36159,102343.991979,0,0.538585088433
13,123456789,4054623901,R1233ZDE&R1234ZEZ&R142B&R21&RE245FA2,0.080000;0.100000;0.040000;0.720000;0.060000,4.97590437563,5770269.01631,100484.24613,0,0.409669622353
13,123456789,4054623901,R1233ZDE&R1234ZEZ&R142B&R21&R245FA,0.040000;0.100000;0.280000;0.420000;0.160000,4.64166797947,6112380.97902,107719.89772,0,0.0631063917054
13,123456789,4054623901,R1233ZDE&R1234ZEZ&R142B&R21&RE245FA2,0.060000;0.120000;0.320000;0.460000;0.040000,4.63311012955,6112964.13956,107918.867892,0,0.317101921662
13,123456789,4054623901,R1233ZDE&R1234ZEZ&R142B&R21&R245CA,0.020000;0.040000;0.200000;0.620000;0.120000,4.82696950592,6039151.53052,103584.661015,0,0.808017424809
13,123456789,4054623901,R123&R1234ZEZ&R1336MZZZ&R141B&R245CA,0.120000;0.180000;0.120000;0.440000;0.140000,5.19426070589,3583105.70842,96260.0894162,0,inf
13,123456789,4054623901,R1233ZDE&R1234ZEZ&R21&R245CA&RE245FA2,0.040000;0.060000;0.700000;0.160000;0.040000,5.00633294533,5595965.02042,99873.5013153,0,1.29603217356
13,123456789,4054623901,R1234ZEZ&R142B&R21&R245CA&RE245FA2,0.080000;0.320000;0.460000;0.120000;0.020000,4.64677721126,6056895.7163,107601.457369,0,0.59503853533
14,123456789,331635868,R1233ZDE&R1234ZEZ&R142B&R21&R245FA,0.040000;0.080000;0.280000;0.480000;0.120000,4.68790181441,6186973.62347,106657.52394,0,0.152115780648
14,123456789,331635868,R1224YDZ&R1234ZEZ&R142B&R21&RE245FA2,0.040000;0.040000;0.560000;0.340000;0.020000,4.49983413026,6495577.33292,111115.206811,0,0.823974173397
14,123456789,331635868,R123&R1234ZEZ&R142B&R21&R245FA,0.040000;0.140000;0.300000;0.500000;0.020000,4.67716771316,6223141.70224,106902.302989,0,0.328148310339
14,123456789,331635868,R123&R1234ZEZ&R142B&R21&R245FA,0.080000;0.200000;0.040000;0.660000;0.020000,4.92900569575,5801638.06071,101440.337233,0,0.781446056106
14,123456789,331635868,R1224YDZ&R1234ZEZ&R142B&R21&R245FA,0.060000;0.160000;0.100000;0.600000;0.080000,4.851495798,5998439.84184,103060.998261,0,0.823732850618
14,123456789,331635868,R1224YDZ&R1234ZEZ&R142B&R21&R245FA,0.060000;0.060000;0.360000;0.440000;0.080000,4.62804094799,6276663.99312,108037.073487,0,0.496112184952
14,123456789,331635868,R1224YDZ&R1233ZDE&R142B&R21&R245FA,0.080000;0.040000;0.220000;0.600000;0.060000,4.79316731543,6090384.08859,104315.156784,0,0.554210989905
14,123456789,331635868,R1224YDZ&R1234ZEZ&R142B&R21&R245FA,0.080000;0.100000;0.220000;0.520000;0.080000,4.73088671598,6098530.70398,105688.432215,0,0.328406478918
14,123456789,331635868,R1224YDZ&R1234ZEZ&R21&R245FA&RE245FA2,0.040000;0.080000;0.720000;0.080000;0.080000,4.97908653063,5716513.09196,100420.026228,0,inf
14,123456789,331635868,R1224YDZ&R1234ZEZ&R142B&R21&R245FA,0.060000;0.100000;0.240000;0.520000;0.080000,4.72483131639,6157975.8934,105823.883758,0,0.192140814992
14,123456789,331635868,R1224YDZ&R1234ZEZ&R142B&R21&R245FA,0.060000;0.100000;0.260000;0.500000;0.080000,4.70241370949,6173066.88957,106328.373233,0,0.170136985104
14,123456789,331635868,R1224YDZ&R1234ZEZ&R142B&R21&R245FA,0.040000;0.060000;0.620000;0.260000;0.020000,4.43721383489,6569214.63342,112683.32305,0,inf
14,123456789,331635868,R1224YDZ&R1234ZEZ&R142B&R21&R245FA,0.020000;0.060000;0.420000;0.420000;0.080000,4.60438109593,6414133.65792,108592.227616,0,0.7443324003
15,123456789,4142963621,R123&R1336MZZZ&R141B&R21&RE245FA2,0.100000;0.060000;0.660000;0.140000;0.040000,5.02033098513,3528605.62923,99595.0269975,0,0.175549502833
15,123456789,4142963621,R123&R1336MZZZ&R141B&R21&RE245FA2,0.100000;0.080000;0.620000;0.140000;0.060000,4.99823897072,3529843.44176,100035.232995,0,0.084688488591
15,123456789,4142963621,R1224YDZ&R1233ZDE&R1234ZEZ&R21&R245FA,0.120000;0.180000;0.020000;0.640000;0.040000,4.97740633434,5532808.84889,100453.924477,0,0.143476692481
15,123456789,4142963621,R123&R1336MZZZ&R141B&R21&RE245FA2,0.120000;0.080000;0.600000;0.140000;0.060000,4.99352296421,3538700.04694,100129.708741,0,0.635900504222
15,123456789,4142963621,R123&R1234ZEZ&R21&R245FA&RE245FA2,0.120000;0.040000;0.720000;0.040000;0.080000,4.98455259201,5452285.48759,100309.905607,0,0.665520648978
15,123456789,4142963621,R1224YDZ&R1234ZEZ&R142B&R21&R245FA,0.140000;0.080000;0.160000;0.580000;0.040000,4.79919122312,5976520.85762,104184.221206,0,0.127577255787
15,123456789,4142963621,R1224YDZ&R1234ZEZ&R142B&R21&R245FA,0.120000;0.060000;0.220000;0.540000;0.060000,4.74314672184,6061883.1651,105415.250533,0,0.20059520891
15,123456789,4142963621,R1224YDZ&R1234ZEZ&R21&R245FA&RE245FA2,0.140000;0.040000;0.680000;0.080000;0.060000,4.9560517122,5633984.06392,100886.760073,0,0.203643226857
15,123456789,4142963621,R1224YDZ&R1234ZEZ&R142B&R21&R245FA,0.140000;0.080000;0.060000;0.620000;0.100000,4.88340792566,5844406.9072,102387.514541,0,0.250719523744
15,123456789,4142963621,R1224YDZ&R1234ZEZ&R142B&R21&R245FA,0.100000;0.080000;0.220000;0.520000;0.080000,4.72957174328,6070062.41484,105717.816991,0,0.377996340514
15,123456789,4142963621,R1336MZZZ&R141B&R245CA&R245FA&R365MFC,0.140000;0.620000;0.040000;0.020000;0.180000,5.03329081927,3215874.58193,99338.587408,0,inf
15,123456789,4142963621,R1234ZEZ&R142B&R21&R245FA&RE245FA2,0.060000;0.120000;0.640000;0.100000;0.080000,4.83741538079,5877337.76469,103360.981152,0,0.147889007975
15,123456789,4142963621,R1224YDZ&R1234ZEZ&R142B&R21&R245FA,0.100000;0.080000;0.160000;0.560000;0.100000,4.78590290004,6003607.89371,104473.494436,0,0.20502351544
15,123456789,4142963621,R1234ZEZ&R142B&R21&R245CA&R245FA,0.100000;0.120000;0.560000;0.100000;0.120000,4.81599323925,5899252.87818,103820.743751,0,0.0897353819509
15,123456789,4142963621,R1224YDZ&R1234ZEZ&R142B&R21&R245CA,0.060000;0.080000;0.600000;0.240000;0.020000,4.41341103398,6451573.01413,113291.05677,0,inf
15,123456789,4142963621,R1234ZEZ&R142B&R21&R245FA&RE245FA2,0.060000;0.100000;0.660000;0.100000;0.080000,4.86344457592,5862240.58879,102807.792336,0,0.15414346937
15,123456789,4142963621,R123&R1336MZZZ&R141B&R245CA&R365MFC,0.140000;0.140000;0.540000;0.060000;0.120000,5.03020999694,3276151.64566,99399.4287126,0,0.135936770203
15,123456789,4142963621,R1234ZEZ&R142B&R21&R245CA&R245FA,0.100000;0.320000;0.400000;0.040000;0.140000,4.61263345506,6151231.12511,108397.947695,0,0.142896757251
15,123456789,4142963621,R1224YDZ&R1234ZEZ&R142B&R21&R245FA,0.160000;0.060000;0.120000;0.580000;0.080000,4.81829568368,5881686.06321,103771.132538,0,0.0742835172196
15,123456789,4142963621,R1224YDZ&R1234ZEZ&R21&R245FA&RE245FA2,0.080000;0.120000;0.640000;0.100000;0.060000,4.92531371313,5673427.89723,101516.37624,0,0.289783706455
15,123456789,4142963621,R1224YDZ&R1234ZEZ&R142B&R21&R245CA,0.100000;0.100000;0.320000;0.440000;0.040000,4.63207322418,6118961.95168,107943.025898,0,0.373304478552
15,123456789,4142963621,R1234ZEZ&R142B&R21&R245CA&R245FA,0.080000;0.520000;0.300000;0.040000;0.060000,4.48655511488,6404194.57255,111444.078407,0,0.352315967467
15,123456789,4142963621,R1224YDZ&R1234ZEZ&R142B&R21&R245FA,0.100000;0.080000;0.320000;0.420000;0.080000,4.61746955601,6138369.50426,108284.417241,0,0.032517678862
15,123456789,4142963621,R1224YDZ&R1234ZEZ&R142B&R21&R245CA,0.060000;0.080000;0.480000;0.320000;0.060000,4.50020299654,6271339.07183,111106.099077,0,0.376909283295
15,123456789,4142963621,R1234ZEZ&R142B&R21&R245CA&R245FA,0.080000;0.380000;0.380000;0.060000;0.100000,4.58063475548,6206530.20636,109155.177544,0,0.412592609562
15,123456789,4142963621,R1234ZEZ&R142B&R21&R245FA&RE245FA2,0.060000;0.340000;0.460000;0.080000;0.060000,4.62087432719,6133861.97974,108204.630682,0,0.0540249863925
16,123456789,1273073241,R1233ZDE&R1234ZEZ&R21&R365MFC&RE245FA2,0.040000;0.120000;0.760000;0.020000;0.060000,5.00637126727,5680161.22216,99872.7368202,0,inf
16,123456789,1273073241,R1233ZDE&R1234ZEZ&R142B&R21&R245FA,0.060000;0.100000;0.260000;0.500000;0.080000,4.70772404431,6155939.33668,106208.434329,0,0.630673590253
16,123456789,1273073241,R1233ZDE&R142B&R21&R245CA&R245FA,0.080000;0.140000;0.620000;0.040000;0.120000,4.85321194206,5951250.35632,103024.554866,0,0.825308386297
16,123456789,1273073241,R1233ZDE&R1234ZEZ&R142B&R21&RE245FA2,0.040000;0.140000;0.180000;0.620000;0.020000,4.81892141643,6111785.91201,103757.657947,0,0.452442486557
16,123456789,1273073241,R1233ZDE&R1234ZEZ&R142B&R21&RE245FA2,0.020000;0.180000;0.180000;0.600000;0.020000,4.80402204261,6132637.00439,104079.455832,0,0.488508808102
16,123456789,1273073241,R1233ZDE&R1234ZEZ&R21&R245FA&RE245FA2,0.040000;0.180000;0.580000;0.160000;0.040000,4.89161055983,5702835.76187,102215.82317,0,0.504140498478
16,123456789,1273073241,R1224YDZ&R1233ZDE&R1234ZEZ&R21&R245FA,0.080000;0.040000;0.160000;0.560000;0.160000,4.88442681978,5718488.27951,102366.15645,0,0.509557874079
16,123456789,1273073241,R1224YDZ&R1233ZDE&R1234ZEZ&R142B&R21,0.040000;0.040000;0.140000;0.300000;0.480000,4.67049651519,6213620.47585,107054.999051,0,1.06622119854
16,123456789,1273073241,R1224YDZ&R1233ZDE&R1234ZEZ&R142B&R21,0.040000;0.060000;0.100000;0.480000;0.320000,4.49853265218,6319638.99076,111147.353739,0,0.952947518269
16,123456789,1273073241,R1224YDZ&R1233ZDE&R142B&R21&RE245FA2,0.040000;0.060000;0.560000;0.320000;0.020000,4.48381165423,6357788.74677,111512.266473,0,inf
17,123456789,3294303793,R141B&R21&R245FA&RE245FA2&RE347MCCHFE7000,0.900000;0.020000;0.020000;0.020000;0.040000,5.18309943108,3252454.88975,96467.3756791,0,inf
17,123456789,3294303793,R123&R142B&R21&R245FA&RE245FA2,0.060000;0.700000;0.140000;0.080000;0.020000,4.30343125004,6273148.152,116186.357106,0,inf
17,123456789,3294303793,R1234ZEZ&R21&R245CA&R245FA&RE245FA2,0.160000;0.660000;0.100000;0.040000;0.040000,4.96334388513,5699125.75876,100738.536674,0,1.23344219042
17,123456789,3294303793,R123&R1233ZDE&R141B&R21&R245FA,0.160000;0.140000;0.580000;0.060000;0.060000,4.96567875008,3607737.45953,100691.169358,0,0.761578140367
17,123456789,3294303793,R123&R1233ZDE&R141B&R21&R245FA,0.160000;0.060000;0.680000;0.060000;0.040000,5.04817443204,3500859.17359,99045.7058748,0,0.0937335267354
17,123456789,3294303793,R123&R141B&R21&R245CA&RE245FA2,0.160000;0.660000;0.060000;0.060000;0.060000,5.06793247945,3440232.49231,98659.5622628,0,0.0838069324729
17,123456789,3294303793,R1234ZEZ&R142B&R21&R245FA&RE245FA2,0.120000;0.480000;0.300000;0.060000;0.040000,4.46362575244,6271923.37932,112016.559571,0,0.494407422189
17,123456789,3294303793,R1234ZEZ&R142B&R21&R245FA&RE245FA2,0.140000;0.220000;0.520000;0.060000;0.060000,4.70694727989,6012697.9583,106225.961386,0,0.146995353539
17,123456789,3294303793,R1234ZEZ&R142B&R21&R245CA&R245FA,0.160000;0.260000;0.460000;0.040000;0.080000,4.67682984539,6147089.29386,106910.025921,0,0.468552738907
17,123456789,3294303793,R123&R1234ZEZ&R142B&R21&R245FA,0.080000;0.060000;0.480000;0.340000;0.040000,4.49865990944,6222482.70029,111144.209624,0,0.542660457412
17,123456789,3294303793,R1234ZEZ&R142B&R21&R245FA&RE245FA2,0.140000;0.200000;0.540000;0.060000;0.060000,4.73118740728,5998360.67938,105681.715172,0,0.137526984546
17,123456789,3294303793,R142B&R21&R245CA&R245FA&RE245FA2,0.220000;0.560000;0.100000;0.060000;0.060000,4.74762741985,5876393.45824,105315.762124,0,0.613656591941
17,123456789,3294303793,R123&R141B&R21&R245FA&RE245FA2,0.100000;0.800000;0.040000;0.020000;0.040000,5.14176847998,3361008.15652,97242.8070122,0,0.199847447371
17,123456789,3294303793,R123&R141B&R21&R245CA&RE245FA2,0.100000;0.640000;0.120000;0.100000;0.040000,5.00494485397,3553992.89399,99901.2006303,0,0.0810576537988
17,123456789,3294303793,R123&R141B&R21&R245CA&R245FA,0.140000;0.760000;0.040000;0.020000;0.040000,5.11250718706,3409681.10029,97799.3735179,0,0.133966286071
17,123456789,3294303793,R123&R1233ZDE&R141B&R21&R245CA,0.140000;0.140000;0.620000;0.060000;0.040000,5.02381675348,3547196.05679,99525.9231248,0,0.110117287897
17,123456789,3294303793,R141B&R21&R245CA&R245FA&RE245FA2,0.740000;0.060000;0.120000;0.040000;0.040000,5.05128949375,3441314.25787,98984.6257314,0,0.0621135790748
17,123456789,3294303793,R123&R141B&R21&R245FA&RE245FA2,0.180000;0.700000;0.040000;0.040000;0.040000,5.08710976031,3417932.05931,98287.6374913,0,0.104408588944
17,123456789,3294303793,R1234ZEZ&R142B&R21&R245FA&RE245FA2,0.140000;0.260000;0.500000;0.060000;0.040000,4.68533104178,6126476.31767,106716.045364,0,0.113418159101
17,123456789,3294303793,R123&R141B&R21&R245FA&RE245FA2,0.120000;0.660000;0.120000;0.060000;0.040000,4.9900560765,3572966.77286,100199.274785,0,0.102490868677
18,123456789,371256677,R123&R142B&R21&R245FA&RE245FA2,0.040000;0.040000;0.660000;0.140000;0.120000,4.88510616394,5551812.71014,102351.920965,0,0.477458927642
18,123456789,371256677,R1233ZDE&R142B&R21&R245FA&R365MFC,0.040000;0.060000;0.660000;0.200000;0.040000,4.84957933985,5720256.92222,103101.725936,0,0.436448513787
18,123456789,371256677,R1224YDZ&R123&R142B&R21&R245FA,0.100000;0.040000;0.140000;0.560000;0.160000,4.78808846459,5845139.27399,104425.806603,0,0.309759284152
18,123456789,371256677,R123&R1336MZZZ&R141B&R245CA&RE245FA2,0.120000;0.100000;0.560000;0.160000;0.060000,5.03112365557,3368620.41221,99381.3776464,0,inf
18,123456789,371256677,R142B&R21&R245CA&R245FA&RE245FA2,0.180000;0.560000;0.100000;0.140000;0.020000,4.78002537654,5918522.92897,104601.955139,0,0.408873859984
18,123456789,371256677,R1233ZDE&R1234ZEZ&R142B&R21&R245FA,0.040000;0.140000;0.320000;0.360000;0.140000,4.57884414064,6123193.38578,109197.864055,0,0.377865515808
18,123456789,371256677,R1233ZDE&R1234ZEZ&R142B&R21&R245FA,0.060000;0.120000;0.420000;0.280000;0.120000,4.48617574856,6169698.24396,111453.502498,0,0.435566309161
18,123456789,371256677,R1224YDZ&R1233ZDE&R1234ZEZ&R142B&R21,0.100000;0.080000;0.040000;0.380000;0.400000,4.58285867328,6105191.65805,109102.207955,0,0.20248216707
18,123456789,371256677,R123&R1233ZDE&R1336MZZZ&R141B&R245CA,0.040000;0.140000;0.120000;0.540000;0.160000,4.96659272541,3458064.11092,100672.639704,0,0.801356767814
18,123456789,371256677,R1224YDZ&R21&R245CA&R245FA&RE245FA2,0.080000;0.660000;0.180000;0.020000;0.060000,4.96328604764,5458556.81619,100739.710587,0,1.00653445317
18,123456789,371256677,R123&R1233ZDE&R141B&R245CA&RE245FA2,0.080000;0.040000;0.540000;0.220000;0.120000,4.9918777804,3437258.8169,100162.708703,0,0.1584557907
18,123456789,371256677,R1224YDZ&R1234ZEZ&R142B&R21&R245FA,0.100000;0.120000;0.460000;0.280000;0.040000,4.46196237793,6233247.19774,112058.318213,0,inf
18,123456789,371256677,R123&R1233ZDE&R1336MZZZ&R141B&R245CA,0.120000;0.040000;0.120000;0.540000;0.180000,5.00906011573,3410758.49174,99819.1254342,0,0.154548593494
18,123456789,371256677,R1233ZDE&R1234ZEZ&R142B&R21&R245FA,0.160000;0.060000;0.320000;0.420000;0.040000,4.62509953845,6022743.55472,108105.781474,0,0.411379903046
18,123456789,371256677,R1224YDZ&R1234ZEZ&R142B&R21&R245FA,0.100000;0.120000;0.440000;0.280000;0.060000,4.46706811933,6190913.46247,111930.238502,0,0.112436133192
18,123456789,371256677,R1224YDZ&R1234ZEZ&R142B&R21&R245FA,0.140000;0.040000;0.220000;0.460000;0.140000,4.68184807804,5946227.02204,106795.434552,0,0.584975850548
19,123456789,2537626334,R1224YDZ&R123&R141B&R21&R365MFC,0.020000;0.280000;0.620000;0.040000;0.040000,5.09643536363,3413815.07231,98107.7879586,0,inf
19,123456789,2537626334,R1224YDZ&R123&R1336MZZZ&R141B&R21,0.040000;0.260000;0.060000;0.580000;0.060000,5.03994155374,3473920.23969,99207.4996641,0,0.0330876855497
19,123456789,2537626334,R1234ZEZ&R141B&R21&R245CA&RE245FA2,0.120000;0.020000;0.740000;0.100000;0.020000,5.01994972727,5735722.34614,99602.5910945,0,1.23328871928
19,123456789,2537626334,R1224YDZ&R123&R141B&R21&R365MFC,0.040000;0.260000;0.580000;0.060000;0.060000,5.04513272727,3459915.59771,99105.4204178,0,0.0383165275795
19,123456789,2537626334,R1224YDZ&R123&R1233ZDE&R141B&R365MFC,0.040000;0.260000;0.080000;0.560000;0.060000,5.0493578446,3420996.42655,99022.4926393,0,0.128412337389
19,123456789,2537626334,R1224YDZ&R142B&R21&R245CA&RE245FA2,0.040000;0.400000;0.460000;0.080000;0.020000,4.62829755502,6196816.95865,108031.08358,0,0.146815495159
19,123456789,2537626334,R1234ZEZ&R141B&R142B&R21&RE245FA2,0.120000;0.020000;0.240000;0.580000;0.040000,4.73738991265,6097646.17531,105543.349654,0,0.322253197227
19,123456789,2537626334,R1224YDZ&R123&R141B&R21&R365MFC,0.040000;0.260000;0.560000;0.080000;0.060000,5.02539852528,3497889.35389,99494.5967935,0,0.772668246279
19,123456789,2537626334,R1224YDZ&R1234ZEZ&R141B&R142B&R21,0.060000;0.040000;0.040000;0.340000;0.520000,4.6595396875,6170458.39449,107306.737046,0,0.292472860389
19,123456789,2537626334,R1224YDZ&R142B&R21&R245CA&R245FA,0.100000;0.220000;0.560000;0.080000;0.040000,4.76925713037,5980149.96065,104838.130202,0,0.282145954941
19,123456789,2537626334,R1234ZEZ&R142B&R21&R245CA&RE245FA2,0.180000;0.120000;0.580000;0.100000;0.020000,4.82870545564,5887691.81343,103547.421683,0,0.652539404521
19,123456789,2537626334,R1224YDZ&R1234ZEZ&R142B&R21&R245CA,0.020000;0.180000;0.680000;0.100000;0.020000,4.26067346711,6449074.81634,117352.339685,0,inf
19,123456789,2537626334,R1224YDZ&R1234ZEZ&R141B&R142B&R21,0.060000;0.120000;0.020000;0.360000;0.440000,4.60730169835,6234476.28932,108523.390205,0,0.610147205165
19,123456789,2537626334,R123&R1233ZDE&R141B&R21&R365MFC,0.260000;0.080000;0.540000;0.060000;0.060000,5.03507516093,3492596.13288,99303.3835682,0,0.0402161725747
19,123456789,2537626334,R1224YDZ&R1234ZEZ&R142B&R21&R245CA,0.040000;0.180000;0.600000;0.160000;0.020000,4.32900123023,6381811.48103,115500.082677,0,0.397187139541
19,123456789,2537626334,R1224YDZ&R1234ZEZ&R142B&R21&R245CA,0.060000;0.180000;0.520000;0.220000;0.020000,4.39588752707,6303887.58413,113742.67356,0,0.744059538593
20,123456789,69875129,R1224YDZ&R1233ZDE&R1234ZEZ&R142B&R21,0.080000;0.040000;0.160000;0.160000;0.560000,4.79023576598,5993833.22051,104378.99603,0,0.533682135879
20,123456789,69875129,R123&R1233ZDE&R141B&R245FA&R365MFC,0.220000;0.040000;0.640000;0.020000;0.080000,5.10139009505,3351483.81204,98012.5006486,0,inf
20,123456789,69875129,R123&R1233ZDE&R141B&R245FA&R365MFC,0.220000;0.080000;0.580000;0.040000;0.080000,5.03982248672,3410741.91085,99209.8434652,0,0.0301484020647
20,123456789,69875129,R123&R1233ZDE&R141B&R245FA&R365MFC,0.220000;0.120000;0.560000;0.020000;0.080000,5.03812412205,3422248.68524,99243.28736,0,0.735708482073
20,123456789,69875129,R123&R1233ZDE&R141B&R245FA&R365MFC,0.200000;0.040000;0.620000;0.040000;0.100000,5.0677447503,3362238.88966,98663.2170001,0,0.120939408719
20,123456789,69875129,R123&R1233ZDE&R141B&R245FA&R365MFC,0.220000;0.060000;0.600000;0.040000;0.080000,5.05599908885,3392713.26145,98892.4228848,0,0.0594823769036
20,123456789,69875129,R1233ZDE&R1234ZEZ&R142B&R21&RE245FA2,0.060000;0.100000;0.080000;0.740000;0.020000,4.96648642106,5990227.2181,100674.794535,0,0.577324691478
20,123456789,69875129,R1224YDZ&R123&R21&R245CA&R245FA,0.040000;0.020000;0.720000;0.140000;0.080000,5.00907585751,5697365.93932,99818.8117375,0,0.10938989985
20,123456789,69875129,R1224YDZ&R123&R1233ZDE&R1234ZEZ&R21,0.060000;0.040000;0.100000;0.080000;0.720000,5.02721129004,5661028.5462,99458.7199847,0,0.783060104039
20,123456789,69875129,R1224YDZ&R1233ZDE&R142B&R21&R245FA,0.020000;0.060000;0.760000;0.140000;0.020000,4.32193865443,6541347.0674,115688.823923,0,inf
20,123456789,69875129,R1224YDZ&R1234ZEZ&R21&R245FA&RE245FA2,0.040000;0.160000;0.720000;0.020000;0.060000,4.99745806565,5781345.68657,100050.864546,0,0.194875635284
20,123456789,69875129,R123&R1233ZDE&R141B&R245CA&R365MFC,0.200000;0.060000;0.560000;0.100000;0.080000,5.0478114998,3400094.86318,99052.8271548,0,0.0443630729452
20,123456789,69875129,R1224YDZ&R1234ZEZ&R142B&R21&R245FA,0.060000;0.120000;0.360000;0.400000;0.060000,4.59215066605,6251118.05108,108881.444962,0,0.469323506379
20,123456789,69875129,R1224YDZ&R1234ZEZ&R142B&R21&R245FA,0.080000;0.140000;0.260000;0.500000;0.020000,4.69760365367,6166863.34059,106437.246916,0,0.160366894242
20,123456789,69875129,R1224YDZ&R1234ZEZ&R142B&R21&R245FA,0.060000;0.140000;0.200000;0.560000;0.040000,4.76992229545,6139496.23026,104823.510537,0,0.162043309733
20,123456789,69875129,R1224YDZ&R1234ZEZ&R142B&R21&R245FA,0.060000;0.140000;0.220000;0.540000;0.040000,4.7462868588,6156454.26227,105345.507946,0,0.192654525542
20,123456789,69875129,R1224YDZ&R1234ZEZ&R142B&R21&R245FA,0.040000;0.140000;0.280000;0.500000;0.040000,4.69506786258,6251002.90783,106494.733332,0,0.299979804447
20,123456789,69875129,R1224YDZ&R1234ZEZ&R142B&R21&R245FA,0.040000;0.120000;0.440000;0.340000;0.060000,4.52713364339,6347926.25959,110445.160091,0,0.570415065558
20,123456789,69875129,R1224YDZ&R1234ZEZ&R142B&R21&R245FA,0.040000;0.140000;0.560000;0.220000;0.040000,4.39833333975,6411635.45496,113679.423858,0,0.620540734581
21,123456789,807264348,R123&R1233ZDE&R141B&R365MFC&RE347MCCHFE7000,0.040000;0.100000;0.680000;0.140000;0.040000,5.0601816847,3268111.45502,98810.6813461,0,inf
21,123456789,807264348,R141B&R142B&R21&R245FA&RE245FA2,0.080000;0.140000;0.660000;0.080000;0.040000,4.80230318646,5700250.73314,104116.708293,0,0.399352158564
21,123456789,807264348,R123&R1336MZZZ&R141B&R245CA&R365MFC,0.060000;0.140000;0.560000;0.180000;0.060000,5.02670038642,3323070.69146,99468.828767,0,0.891946944097
21,123456789,807264348,R123&R1233ZDE&R142B&R21&R245FA,0.080000;0.100000;0.180000;0.540000;0.100000,4.7574633271,5754238.23577,105098.025066,0,0.295159101671
21,123456789,807264348,R1224YDZ&R1234ZEZ&R142B&R21&R245FA,0.060000;0.060000;0.360000;0.420000;0.100000,4.61304547841,6248101.27393,108388.265917,0,inf
21,123456789,807264348,R123&R1234ZEZ&R1336MZZZ&R21&RE245FA2,0.100000;0.020000;0.040000;0.800000;0.040000,5.02383343085,5461418.18493,99525.5927336,0,1.19968278998
21,123456789,807264348,R1224YDZ&R1234ZEZ&R142B&R21&R245FA,0.160000;0.120000;0.060000;0.500000;0.160000,4.78836592055,5720003.34882,104419.755778,0,0.220858735272
21,123456789,807264348,R123&R1234ZEZ&R1336MZZZ&R21&R245FA,0.100000;0.040000;0.040000;0.680000;0.140000,4.9181461477,5491530.40032,101664.323301,0,0.725035980634
21,123456789,807264348,R123&R1234ZEZ&R142B&R21&R245FA,0.100000;0.060000;0.180000;0.520000;0.140000,4.73155581361,5830868.62861,105673.486628,0,0.203785250333
21,123456789,807264348,R1224YDZ&R123&R1234ZEZ&R142B&R21,0.180000;0.040000;0.120000;0.060000;0.600000,4.87507726744,5685713.19563,102562.476976,0,0.585172830622
21,123456789,807264348,R1224YDZ&R1234ZEZ&R142B&R21&R245FA,0.100000;0.100000;0.260000;0.440000;0.100000,4.65268340199,6057388.94031,107464.866358,0,0.333720144412
21,123456789,807264348,R1234ZEZ&R142B&R21&R245CA&R245FA,0.100000;0.240000;0.440000;0.100000;0.120000,4.67009228063,5967899.31696,107064.265534,0,0.379402093373
21,123456789,807264348,R123&R142B&R21&R245CA&R245FA,0.020000;0.380000;0.420000;0.040000;0.140000,4.61535898995,6202558.16899,108333.934823,0,0.249058649756
21,123456789,807264348,R1234ZEZ&R142B&R21&R245CA&R245FA,0.180000;0.180000;0.480000;0.100000;0.060000,4.72626923431,5937791.91809,105791.687949,0,0.328655898372
22,123456789,2472011904,R1234ZEZ&R142B&R21&R245CA&R245FA,0.080000;0.400000;0.440000;0.020000;0.060000,4.62464669704,6404135.30474,108116.367099,0,inf
22,123456789,2472011904,R1224YDZ&R1233ZDE&R21&R245CA&R245FA,0.020000;0.060000;0.740000;0.020000;0.160000,5.01302205671,5852715.74382,99740.2353997,0,inf
22,123456789,2472011904,R1224YDZ&R1234ZEZ&R142B&R21&R245CA,0.040000;0.120000;0.180000;0.620000;0.040000,4.82785875826,6124255.89554,103565.581562,0,0.671960623168
22,123456789,2472011904,R1234ZEZ&R142B&R21&R245CA&R245FA,0.100000;0.080000;0.640000;0.040000;0.140000,4.89397487253,5994369.29616,102166.442007,0,0.421773149902
22,123456789,2472011904,R1233ZDE&R1234ZEZ&R142B&R21&R245CA,0.100000;0.120000;0.100000;0.660000;0.020000,4.90817306928,5940097.59669,101870.898386,0,0.423543409237
22,123456789,2472011904,R1224YDZ&R1234ZEZ&R142B&R21&R245FA,0.040000;0.120000;0.100000;0.600000;0.140000,4.84954394661,6008351.61745,103102.478399,0,0.334215418677
22,123456789,2472011904,R1234ZEZ&R142B&R21&R245CA&R245FA,0.120000;0.340000;0.460000;0.020000;0.060000,4.65243399797,6325844.27678,107470.62725,0,0.794017261705
22,123456789,2472011904,R1224YDZ&R1233ZDE&R142B&R21&R245CA,0.040000;0.080000;0.200000;0.640000;0.040000,4.83909712592,6024471.78142,103325.059818,0,0.210271724988
22,123456789,2472011904,R1224YDZ&R1234ZEZ&R142B&R21&R245CA,0.040000;0.100000;0.260000;0.560000;0.040000,4.74925590608,6209113.6383,105279.650094,0,0.780084562215
22,123456789,2472011904,R1224YDZ&R1234ZEZ&R142B&R21&R245CA,0.020000;0.120000;0.280000;0.560000;0.020000,4.74170506872,6308210.04276,105447.300655,0,0.722564834281
22,123456789,2472011904,R1233ZDE&R1234ZEZ&R142B&R21&R245CA,0.060000;0.160000;0.060000;0.660000;0.060000,4.93876674242,5885414.8482,101239.849152,0,0.682808413083
22,123456789,2472011904,R1224YDZ&R1234ZEZ&R142B&R21&R245CA,0.040000;0.140000;0.160000;0.620000;0.040000,4.83823634791,6092381.69771,103343.442537,0,0.238610609236
23,123456789,2481253753,R123&R1336MZZZ&R141B&R365MFC&RE245FA2,0.200000;0.060000;0.580000;0.080000;0.080000,5.07601740121,3292092.18031,98502.4203977,0,inf
23,123456789,2481253753,R1224YDZ&R123&R141B&R21&R245CA,0.020000;0.080000;0.020000;0.820000;0.060000,5.07312915398,5638756.02889,98558.5000547,0,1.06559753925
23,123456789,2481253753,R1224YDZ&R123&R142B&R21&R245FA,0.040000;0.100000;0.040000;0.780000;0.040000,5.00354363626,5748004.12704,99929.1774686,0,0.345286119079
23,123456789,2481253753,R1224YDZ&R1233ZDE&R142B&R21&R245CA,0.060000;0.080000;0.060000;0.720000;0.080000,4.98697624529,5784071.46359,100261.155339,0,0.143597058541
23,123456789,2481253753,R1224YDZ&R1234ZEZ&R142B&R21&R245FA,0.060000;0.200000;0.080000;0.600000;0.060000,4.86626213076,5970580.44862,102748.266856,0,0.349685476997
23,123456789,2481253753,R1224YDZ&R142B&R21&R245CA&R245FA,0.060000;0.040000;0.700000;0.120000;0.080000,4.96708859629,5799029.83074,100662.589424,0,0.343962892116
23,123456789,2481253753,R1224YDZ&R1234ZEZ&R142B&R21&R245FA,0.060000;0.180000;0.120000;0.560000;0.080000,4.8108408229,5999430.01855,103931.935894,0,0.825254117287
23,123456789,2481253753,R1224YDZ&R1234ZEZ&R142B&R21&R245FA,0.080000;0.160000;0.240000;0.420000;0.100000,4.64473783163,6035022.38201,107648.702279,0,0.711175442966
23,123456789,2481253753,R1224YDZ&R1234ZEZ&R142B&R21&R245FA,0.060000;0.160000;0.060000;0.640000;0.080000,4.90595653425,5963855.96994,101916.924153,0,0.412284125245
23,123456789,2481253753,R123&R1233ZDE&R1336MZZZ&R141B&RE347MCCHFE7000,0.140000;0.100000;0.080000;0.660000;0.020000,5.07561593049,3353184.14318,98510.2117354,0,0.812115874593
23,123456789,2481253753,R1224YDZ&R1234ZEZ&R142B&R21&R245FA,0.040000;0.180000;0.380000;0.320000;0.080000,4.52025099095,6217054.79429,110613.326782,0,inf
23,123456789,2481253753,R1224YDZ&R1233ZDE&R1234ZEZ&R142B&R21,0.040000;0.060000;0.140000;0.320000;0.440000,4.63278494276,6177762.62798,107926.442988,0,0.531015046099
24,123456789,3753739661,R1233ZDE&R141B&R21&RE245FA2&RE347MCCHFE7000,0.060000;0.760000;0.080000;0.060000;0.040000,5.05344095814,3390436.91859,98942.4837733,0,0.088718372019
24,123456789,3753739661,R1233ZDE&R141B&R21&R245CA&RE245FA2,0.120000;0.640000;0.120000;0.020000;0.100000,4.964728686,3579200.58398,100710.437896,0,0.810858069016
24,123456789,3753739661,R123&R1233ZDE&R141B&R21&R245CA,0.020000;0.140000;0.720000;0.060000;0.060000,5.04302664964,3505403.75928,99146.8089973,0,0.154437918167
24,123456789,3753739661,R1224YDZ&R123&R1234ZEZ&R142B&R21,0.060000;0.020000;0.180000;0.660000;0.080000,4.23243439296,6311581.79155,118135.322034,0,inf
24,123456789,3753739661,R123&R1234ZEZ&R142B&R21&R245FA,0.020000;0.180000;0.580000;0.140000;0.080000,4.31551161959,6300115.34392,115861.117771,0,0.495785161821
24,123456789,3753739661,R123&R1233ZDE&R141B&R21&RE245FA2,0.160000;0.080000;0.600000;0.100000;0.060000,5.00867475127,3557256.22227,99826.8054585,0,0.198475445052
24,123456789,3753739661,R1224YDZ&R1234ZEZ&R21&R245CA&R245FA,0.100000;0.140000;0.640000;0.100000;0.020000,4.96346748561,5691927.50788,100736.028079,0,0.761371164268
24,123456789,3753739661,R123&R1233ZDE&R141B&RE245FA2&RE347MCCHFE7000,0.140000;0.080000;0.660000;0.060000;0.060000,5.0683141196,3305457.99938,98652.1332738,0,inf
24,123456789,3753739661,R1224YDZ&R1234ZEZ&R142B&R21&R245FA,0.100000;0.120000;0.260000;0.480000;0.040000,4.68157839742,6113969.54901,106801.586464,0,0.356812313538
24,123456789,3753739661,R1224YDZ&R1234ZEZ&R142B&R21&R245CA,0.100000;0.120000;0.220000;0.460000;0.100000,4.68988121025,5882415.38439,106612.508416,0,0.502759985925
24,123456789,3753739661,R1224YDZ&R123&R142B&R21&R245FA,0.080000;0.040000;0.400000;0.400000;0.080000,4.57701856118,6143519.75765,109241.418473,0,0.68900101548
24,123456789,3753739661,R1224YDZ&R142B&R21&R245CA&R245FA,0.120000;0.120000;0.600000;0.120000;0.040000,4.84982266928,5779339.15088,103096.553028,0,0.636546811895
24,123456789,3753739661,R123&R1234ZEZ&R142B&R21&R245FA,0.040000;0.160000;0.500000;0.240000;0.060000,4.41956995007,6265993.57349,113133.179393,0,0.704709225639
24,123456789,3753739661,R1224YDZ&R142B&R21&R245CA&R245FA,0.120000;0.040000;0.660000;0.120000;0.060000,4.94074103693,5706265.70743,101199.394233,0,0.286193207008
24,123456789,3753739661,R123&R1336MZZZ&R141B&R245CA&RE245FA2,0.120000;0.140000;0.600000;0.080000;0.060000,5.05544578193,3320949.06227,98903.2464333,0,0.0609646425837
25,123456789,4009099983,R1224YDZ&R1234ZEZ&R142B&R21&R245CA,0.060000;0.140000;0.180000;0.580000;0.040000,4.79763282669,6068269.37741,104218.062962,0,0.320765994991
25,123456789,4009099983,R1224YDZ&R123&R1233ZDE&R1234ZEZ&R21,0.100000;0.040000;0.080000;0.040000;0.740000,5.04103319748,5650153.92385,99186.0161227,0,1.3541079855
25,123456789,4009099983,R1224YDZ&R123&R1234ZEZ&R142B&R21,0.100000;0.020000;0.040000;0.280000;0.560000,4.72916549549,6150607.29186,105726.89843,0,0.152159424354
25,123456789,4009099983,R1224YDZ&R1233ZDE&R1234ZEZ&R142B&R21,0.080000;0.040000;0.060000;0.280000;0.540000,4.72163367747,6161816.09899,105895.551022,0,inf
25,123456789,4009099983,R123&R1233ZDE&R141B&R21&RE245FA2,0.100000;0.100000;0.700000;0.020000;0.080000,5.08401921262,3396786.84462,98347.3860128,0,1.13299034896
25,123456789,4009099983,R123&R1233ZDE&R1234ZEZ&R141B&RE245FA2,0.040000;0.080000;0.020000;0.800000;0.060000,5.10305526389,3349282.16908,97980.5183648,0,inf
25,123456789,4009099983,R1224YDZ&R1233ZDE&R1234ZEZ&R142B&R21,0.120000;0.120000;0.080000;0.080000;0.600000,4.87881815896,5716486.63381,102483.835984,0,0.581601640884
25,123456789,4009099983,R123&R1233ZDE&R1234ZEZ&R142B&R21,0.060000;0.100000;0.040000;0.160000;0.640000,4.84110112964,5861747.14698,103282.287771,0,0.238907983315
25,123456789,4009099983,R1233ZDE&R1234ZEZ&R142B&R21&R245FA,0.080000;0.060000;0.220000;0.560000;0.080000,4.76827032573,6104055.72658,104859.826697,0,0.292290558283
25,123456789,4009099983,R123&R1233ZDE&R1234ZEZ&R142B&R21,0.060000;0.080000;0.080000;0.120000;0.660000,4.87835083813,5851136.46091,102493.653407,0,0.251410856821
25,123456789,4009099983,R123&R1233ZDE&R1234ZEZ&R21&R245FA,0.040000;0.100000;0.080000;0.680000;0.100000,4.97975923378,5704794.00104,100406.46074,0,0.865528056783
25,123456789,4009099983,R1224YDZ&R1233ZDE&R1234ZEZ&R142B&R21,0.120000;0.080000;0.060000;0.140000;0.600000,4.83417252455,5864475.33571,103430.317694,0,0.119914388373
25,123456789,4009099983,R123&R1234ZEZ&R142B&R21&R245FA,0.060000;0.040000;0.160000;0.620000;0.120000,4.82073380009,5994253.42662,103718.649636,0,0.185706366432
25,123456789,4009099983,R1224YDZ&R1233ZDE&R1234ZEZ&R142B&R21,0.100000;0.080000;0.060000;0.160000;0.600000,4.82255341105,5921091.77361,103679.515266,0,0.117804416503
25,123456789,4009099983,R1233ZDE&R1234ZEZ&R142B&R21&RE245FA2,0.060000;0.120000;0.240000;0.560000;0.020000,4.74759832412,6131114.46879,105316.407553,0,0.228622833513
26,123456789,2236280978,R1233ZDE&R1336MZZZ&R141B&R21&RE245FA2,0.080000;0.120000;0.680000;0.080000;0.040000,5.01535721656,3446002.13104,99693.7961566,0,0.14379392462
26,123456789,2236280978,R123&R1233ZDE&R1336MZZZ&R141B&R21,0.180000;0.080000;0.120000;0.540000;0.080000,4.99616511329,3514147.55634,100076.756605,0,0.126343855873
26,123456789,2236280978,R1234ZEZ&R142B&R21&R245CA&R245FA,0.180000;0.200000;0.480000;0.060000;0.080000,4.7165788019,6032731.8214,106009.041935,0,0.231094263146
26,123456789,2236280978,R1233ZDE&R142B&R21&R245CA&R245FA,0.080000;0.240000;0.540000;0.060000;0.080000,4.75370968402,6019118.9676,105181.012985,0,0.245169014316
26,123456789,2236280978,R1233ZDE&R1234ZEZ&R21&R245CA&R245FA,0.080000;0.140000;0.620000;0.060000;0.100000,4.94695686115,5722094.73708,101072.237748,0,0.957717155785
26,123456789,2236280978,R123&R1233ZDE&R141B&R21&RE245FA2,0.080000;0.120000;0.640000;0.140000;0.020000,4.99398339688,3636715.70931,100120.477035,0,0.797634209796
26,123456789,2236280978,R1234ZEZ&R142B&R21&R245CA&R245FA,0.140000;0.240000;0.460000;0.060000;0.100000,4.68507201393,6069474.85437,106721.945471,0,0.245756403152
26,123456789,2236280978,R1234ZEZ&R142B&R21&R245CA&R245FA,0.120000;0.320000;0.420000;0.040000;0.100000,4.62727781563,6194114.32129,108054.891001,0,inf
26,123456789,2236280978,R123&R1234ZEZ&R141B&R21&R245CA,0.120000;0.020000;0.060000;0.660000;0.140000,4.95875041466,5226500.98749,100831.854437,0,0.978646579702
26,123456789,2236280978,R1234ZEZ&R142B&R21&R245CA&R245FA,0.120000;0.260000;0.440000;0.060000;0.120000,4.6626265214,6071967.56051,107235.695955,0,0.238385231239
26,123456789,2236280978,R1233ZDE&R142B&R21&R245CA&R245FA,0.060000;0.220000;0.540000;0.080000;0.100000,4.76204018783,5982302.09396,104997.013943,0,0.171246025842
26,123456789,2236280978,R1233ZDE&R1234ZEZ&R142B&R21&R245FA,0.080000;0.120000;0.220000;0.480000;0.100000,4.70877247799,6036813.27536,106184.786446,0,0.171877610641
26,123456789,2236280978,R1234ZEZ&R142B&R21&R245CA&R245FA,0.080000;0.300000;0.420000;0.060000;0.140000,4.6353798344,6103290.44411,107866.025625,0,0.0477382780516
26,123456789,2236280978,R1233ZDE&R142B&R21&R245CA&R245FA,0.080000;0.180000;0.560000;0.080000;0.100000,4.79493292371,5909326.44977,104276.745464,0,0.156776820058
26,123456789,2236280978,R123&R1233ZDE&R141B&R245CA&RE245FA2,0.140000;0.100000;0.600000;0.080000;0.080000,5.03545780743,3431203.40767,99295.8374634,0,inf
26,123456789,2236280978,R1233ZDE&R142B&R21&R245CA&R245FA,0.080000;0.200000;0.560000;0.060000;0.100000,4.78464669358,5969913.37862,104500.923897,0,0.189227808298
26,123456789,2236280978,R1233ZDE&R1234ZEZ&R142B&R21&R245FA,0.080000;0.120000;0.300000;0.420000;0.080000,4.63210744685,6116579.39373,107942.2284,0,0.074283968602
26,123456789,2236280978,R1233ZDE&R1234ZEZ&R142B&R21&R245FA,0.060000;0.120000;0.280000;0.420000;0.120000,4.64030172778,6100275.1487,107751.613867,0,0.150051778711
26,123456789,2236280978,R123&R1233ZDE&R141B&R245CA&RE245FA2,0.140000;0.100000;0.560000;0.100000;0.100000,5.00634136919,3449245.96874,99873.3332644,0,0.11540475466
26,123456789,2236280978,R1233ZDE&R1234ZEZ&R142B&R21&R245CA,0.080000;0.120000;0.140000;0.540000;0.120000,4.80393629565,5799681.22445,104081.313579,0,0.806060400515
27,123456789,665295992,R1233ZDE&R1234ZEZ&R142B&R21&R245FA,0.100000;0.200000;0.140000;0.460000;0.100000,4.73365404065,5865150.95525,105626.646076,0,0.561258078683
27,123456789,665295992,R1233ZDE&R1234ZEZ&R142B&R21&R245FA,0.060000;0.040000;0.280000;0.460000;0.160000,4.67542065699,6117523.48748,106942.248983,0,0.655831235436
27,123456789,665295992,R123&R1336MZZZ&R141B&R365MFC&RE245FA2,0.120000;0.080000;0.660000;0.100000;0.040000,5.10028025232,3256082.48141,98033.8285867,0,inf
27,123456789,665295992,R123&R1233ZDE&R1234ZEZ&R21&R245FA,0.120000;0.080000;0.100000;0.660000;0.040000,4.96651430016,5509662.07388,100674.229406,0,1.34281844783
27,123456789,665295992,R1224YDZ&R1233ZDE&R142B&R21&R245FA,0.200000;0.100000;0.060000;0.620000;0.020000,4.90735968826,5621915.13231,101887.7832,0,0.471371364829
27,123456789,665295992,R1233ZDE&R1234ZEZ&R142B&R21&R245CA,0.080000;0.080000;0.440000;0.340000;0.060000,4.53069357999,6182465.08038,110358.379169,0,inf
27,123456789,665295992,R141B&R142B&R21&R245CA&R245FA,0.020000;0.100000;0.640000;0.080000;0.160000,4.86434710236,5862096.41062,102788.717474,0,0.691453227455
27,123456789,665295992,R123&R1234ZEZ&R1336MZZZ&R141B&R245CA,0.100000;0.180000;0.080000;0.520000;0.120000,5.09937095628,3589761.83592,98051.3095216,0,1.21917707369
27,123456789,665295992,R123&R1234ZEZ&R142B&R21&R245FA,0.100000;0.060000;0.240000;0.540000;0.060000,4.71388841187,5952525.40736,106069.545206,0,0.295224932353
27,123456789,665295992,R1234ZEZ&R142B&R21&R245CA&R245FA,0.100000;0.400000;0.360000;0.100000;0.040000,4.55430655399,6169355.56585,109786.197761,0,0.553464081093
28,123456789,3168796986,R1224YDZ&R123&R141B&R245FA&RE245FA2,0.080000;0.060000;0.820000;0.020000;0.020000,5.1216138059,3348601.95818,97625.4787941,0,inf
28,123456789,3168796986,R1224YDZ&R1233ZDE&R142B&R21&R245CA,0.060000;0.040000;0.200000;0.600000;0.100000,4.81414973633,5946635.71781,103860.500272,0,0.498852930942
28,123456789,3168796986,R1224YDZ&R123&R1234ZEZ&R142B&R21,0.040000;0.040000;0.160000;0.260000;0.500000,4.68792779788,6109233.6374,106656.932777,0,0.0813103077819
28,123456789,3168796986,R123&R1233ZDE&R141B&R245CA&RE245FA2,0.120000;0.040000;0.680000;0.120000;0.040000,5.09762979252,3381337.63348,98084.8002602,0,0.158810066483
28,123456789,3168796986,R1224YDZ&R1234ZEZ&R142B&R21&R245FA,0.080000;0.160000;0.220000;0.480000;0.060000,4.69928418998,6072778.97777,106399.183319,0,0.058837550276
28,123456789,3168796986,R123&R1233ZDE&R141B&R245CA&RE245FA2,0.100000;0.080000;0.600000;0.180000;0.040000,5.02689718724,3450140.81366,99464.934606,0,0.034150769895
28,123456789,3168796986,R1224YDZ&R123&R1233ZDE&R141B&R245FA,0.080000;0.080000;0.060000;0.740000;0.040000,5.04779016157,3434587.5944,99053.245875,0,0.0376636569748
28,123456789,3168796986,R1224YDZ&R1233ZDE&R1234ZEZ&R142B&R21,0.060000;0.060000;0.160000;0.200000;0.520000,4.74117583982,6022556.60983,105459.071102,0,0.201944169694
28,123456789,3168796986,R1224YDZ&R1234ZEZ&R142B&R21&R245FA,0.120000;0.140000;0.160000;0.540000;0.040000,4.7703181865,5977479.38472,104814.811183,0,0.224236648395
28,123456789,3168796986,R1233ZDE&R1234ZEZ&R142B&R21&R245FA,0.080000;0.180000;0.220000;0.480000;0.040000,4.70655379718,6057756.72342,106234.842211,0,0.132291735744
28,123456789,3168796986,R1224YDZ&R1234ZEZ&R142B&R21&R245FA,0.100000;0.020000;0.620000;0.220000;0.040000,4.39456041965,6398366.59981,113777.022558,0,inf
28,123456789,3168796986,R123&R1233ZDE&R141B&R245FA&RE245FA2,0.080000;0.120000;0.700000;0.060000;0.040000,5.04308363533,3436980.01176,99145.6886609,0,0.0296411645167
28,123456789,3168796986,R1224YDZ&R123&R1233ZDE&R141B&RE245FA2,0.080000;0.080000;0.120000;0.680000;0.040000,5.02759920155,3447402.01247,99451.0461069,0,0.0296842774429
28,123456789,3168796986,R1224YDZ&R123&R141B&R245FA&RE245FA2,0.080000;0.100000;0.740000;0.040000;0.040000,5.06507133904,3389976.37576,98715.2927435,0,0.121288152056
28,123456789,3168796986,R1233ZDE&R1234ZEZ&R142B&R21&R245FA,0.060000;0.080000;0.340000;0.460000;0.060000,4.65161923544,6256621.19364,107489.451456,0,0.103289927273
28,123456789,3168796986,R1233ZDE&R1234ZEZ&R142B&R21&R245FA,0.020000;0.200000;0.260000;0.440000;0.080000,4.65969129999,6168708.05031,107303.245604,0,0.0301845113866
28,123456789,3168796986,R1233ZDE&R1234ZEZ&R142B&R21&R245FA,0.060000;0.080000;0.320000;0.460000;0.080000,4.65844751904,6216128.89114,107331.895005,0,0.0514573151428
28,123456789,3168796986,R1224YDZ&R1233ZDE&R1234ZEZ&R21&RE245FA2,0.100000;0.040000;0.080000;0.720000;0.060000,5.00820144293,5655017.47853,99836.2397555,0,0.860780982659
28,123456789,3168796986,R1224YDZ&R1234ZEZ&R21&R245FA&RE245FA2,0.100000;0.160000;0.620000;0.080000;0.040000,4.9211507417,5695392.72467,101602.252449,0,0.491139049729
28,123456789,3168796986,R1224YDZ&R1233ZDE&R1234ZEZ&R21&R245FA,0.160000;0.060000;0.040000;0.660000;0.080000,4.96437921517,5672405.51423,100717.527475,0,0.242309810957
28,123456789,3168796986,R1224YDZ&R123&R141B&R245FA&RE245FA2,0.100000;0.100000;0.740000;0.040000;0.020000,5.05401024704,3408422.43012,98931.3387903,0,0.0593204357745
28,123456789,3168796986,R1224YDZ&R123&R141B&R21&RE245FA2,0.100000;0.120000;0.680000;0.060000;0.040000,5.01928672771,3485586.30898,99615.7476399,0,0.771669407998
28,123456789,3168796986,R1224YDZ&R1234ZEZ&R142B&R21&R245FA,0.120000;0.040000;0.540000;0.280000;0.020000,4.4513285409,6330136.04075,112326.015797,0,0.625180807535
28,123456789,3168796986,R1233ZDE&R1234ZEZ&R142B&R21&R245FA,0.080000;0.040000;0.380000;0.440000;0.060000,4.62725770935,6263701.12149,108055.36052,0,0.599036921669
28,123456789,3168796986,R1233ZDE&R1234ZEZ&R142B&R21&R245FA,0.080000;0.060000;0.300000;0.460000;0.100000,4.66607643747,6141372.51258,107156.410038,0,0.0872027620696
28,123456789,3168796986,R1224YDZ&R1234ZEZ&R142B&R21&R245FA,0.060000;0.060000;0.560000;0.240000;0.080000,4.42304097482,6371690.06274,113044.397021,0,0.112539455561
28,123456789,3168796986,R1224YDZ&R1234ZEZ&R142B&R21&RE245FA2,0.080000;0.080000;0.280000;0.520000;0.040000,4.68859178486,6085004.43445,106641.828281,0,0.0435312130568
28,123456789,3168796986,R123&R1233ZDE&R141B&R245FA&RE245FA2,0.140000;0.100000;0.660000;0.060000;0.040000,5.03770701247,3445254.91482,99251.5044568,0,0.0436206073868
28,123456789,3168796986,R1234ZEZ&R142B&R21&R245FA&RE245FA2,0.160000;0.280000;0.480000;0.040000;0.040000,4.66144391692,6149669.67085,107262.901563,0,0.0268364922548
28,123456789,3168796986,R1224YDZ&R1234ZEZ&R142B&R21&R245FA,0.080000;0.040000;0.580000;0.240000;0.060000,4.4191018642,6383501.05472,113145.162833,0,0.0932791326069
29,123456789,592116692,R123&R1336MZZZ&R141B&R245CA&R245FA,0.100000;0.060000;0.640000;0.180000;0.020000,5.06650582802,3387219.76594,98687.3433037,0,inf
29,123456789,592116692,R123&R1233ZDE&R1336MZZZ&R21&R245CA,0.040000;0.140000;0.020000;0.720000;0.080000,5.02723714235,5477749.68603,99458.2085233,0,0.889189402749
29,123456789,592116692,R123&R1233ZDE&R142B&R21&R245FA,0.020000;0.080000;0.320000;0.460000;0.120000,4.65858947572,6099260.36642,107328.624384,0,inf
29,123456789,592116692,R123&R1234ZEZ&R142B&R21&R245FA,0.060000;0.120000;0.260000;0.480000;0.080000,4.6747615072,6057450.27085,106957.328033,0,1.25076958587
29,123456789,592116692,R123&R1336MZZZ&R21&R245CA&R245FA,0.080000;0.020000;0.760000;0.100000;0.040000,5.01826850123,5565091.87489,99635.9600682,0,0.453293504744
29,123456789,592116692,R1233ZDE&R1234ZEZ&R21&R245CA&R245FA,0.080000;0.160000;0.600000;0.080000;0.080000,4.93739294659,5682439.47224,101268.018448,0,0.151564643828
29,123456789,592116692,R123&R1336MZZZ&R141B&R245CA&R245FA,0.100000;0.060000;0.640000;0.140000;0.060000,5.03833447976,3411522.81404,99239.1438101,0,0.840523950305
29,123456789,592116692,R123&R1234ZEZ&R21&R245CA&R245FA,0.080000;0.140000;0.620000;0.100000;0.060000,4.94011725196,5577405.16031,101212.172606,0,0.430401803775
29,123456789,592116692,R1234ZEZ&R142B&R21&R245CA&R245FA,0.060000;0.080000;0.660000;0.020000;0.180000,4.90439930124,6029684.30245,101949.284569,0,1.3408055509
29,123456789,592116692,R123&R1336MZZZ&R141B&R245CA&R245FA,0.120000;0.080000;0.620000;0.140000;0.040000,5.04277429468,3397688.33954,99151.7705893,0,0.141879079066
29,123456789,592116692,R123&R1233ZDE&R1234ZEZ&R142B&R21,0.060000;0.100000;0.180000;0.040000;0.620000,4.91691387621,5684283.81565,101689.8023,0,0.287760128544
30,123456789,3709167921,R1224YDZ&R1234ZEZ&R142B&R21&R365MFC,0.220000;0.160000;0.040000;0.560000;0.020000,4.83878162548,5578334.9461,103331.796865,0,0.0667353559047
30,123456789,3709167921,R1234ZEZ&R142B&R21&R245CA&R245FA,0.160000;0.320000;0.360000;0.080000;0.080000,4.5749509839,6062760.22703,109290.788417,0,0.118942151075
30,123456789,3709167921,R1233ZDE&R1234ZEZ&R142B&R21&R245FA,0.180000;0.160000;0.080000;0.500000;0.080000,4.80632355611,5693685.81931,104029.617266,0,0.2735677674
30,123456789,3709167921,R1234ZEZ&R142B&R21&R245CA&R245FA,0.180000;0.120000;0.500000;0.100000;0.100000,4.77222117418,5849276.7277,104773.01486,0,0.269758416857
30,123456789,3709167921,R1224YDZ&R1234ZEZ&R142B&R21&RE245FA2,0.040000;0.100000;0.460000;0.360000;0.040000,4.51377354795,6284994.89232,110772.061267,0,inf
30,123456789,3709167921,R1224YDZ&R1234ZEZ&R142B&R21&R245FA,0.040000;0.140000;0.360000;0.340000;0.120000,4.54567063725,6184323.90433,109994.770827,0,0.208509568148
30,123456789,3709167921,R1224YDZ&R1234ZEZ&R142B&R21&R245FA,0.060000;0.100000;0.400000;0.320000;0.120000,4.51915816904,6196504.88036,110640.075274,0,0.152643650665
30,123456789,3709167921,R1224YDZ&R1234ZEZ&R142B&R21&R245FA,0.080000;0.020000;0.200000;0.500000;0.200000,4.72578983227,6007565.7848,105802.419859,0,0.574508103515
30,123456789,3709167921,R1233ZDE&R1234ZEZ&R142B&R21&R245FA,0.040000;0.080000;0.160000;0.520000;0.200000,4.76425492118,6004006.92521,104948.204551,0,0.219636089374
30,123456789,3709167921,R1224YDZ&R123&R1234ZEZ&R21&R365MFC,0.100000;0.060000;0.220000;0.600000;0.020000,4.90429559996,5538825.77764,101951.440285,0,0.535540602639
30,123456789,3709167921,R1224YDZ&R123&R21&R365MFC&RE245FA2,0.040000;0.140000;0.680000;0.020000;0.120000,4.95285898085,5151967.843,100951.794092,0,1.39233417073
30,123456789,3709167921,R123&R141B&R21&R365MFC&RE245FA2,0.220000;0.240000;0.340000;0.080000;0.120000,5.13510663545,3960769.46276,97368.9614444,0,inf
30,123456789,3709167921,R1224YDZ&R1234ZEZ&R142B&R21&R245CA,0.060000;0.140000;0.360000;0.380000;0.060000,4.57410294583,6147879.49457,109311.050915,0,0.151951767726
30,123456789,3709167921,R1224YDZ&R123&R1233ZDE&R142B&R21,0.080000;0.120000;0.040000;0.140000;0.620000,4.82887475844,5638527.16615,103543.791258,0,0.153933320926
30,123456789,3709167921,R123&R1233ZDE&R1234ZEZ&R21&R245FA,0.080000;0.020000;0.220000;0.500000;0.180000,4.84103385043,5574001.05412,103283.723157,0,0.225427702575
30,123456789,3709167921,R1233ZDE&R1234ZEZ&R142B&R21&R245FA,0.020000;0.200000;0.260000;0.360000;0.160000,4.59622858571,6045446.33917,108784.841893,0,0.52677974387
31,123456789,3110497485,R1224YDZ&R1233ZDE&R142B&R21&R245CA,0.020000;0.020000;0.480000;0.400000;0.080000,4.57722511478,6330830.10891,109236.488803,0,inf
31,123456789,3110497485,R123&R1233ZDE&R141B&R245CA&R365MFC,0.040000;0.040000;0.820000;0.020000;0.080000,5.17252586492,3277362.79323,96664.5722143,0,inf
31,123456789,3110497485,R123&R1233ZDE&R141B&R245CA&R365MFC,0.080000;0.060000;0.720000;0.040000;0.100000,5.11734033419,3313981.34472,97707.0054653,0,0.130011266061
31,123456789,3110497485,R1233ZDE&R1234ZEZ&R142B&R21&R365MFC,0.040000;0.120000;0.160000;0.640000;0.040000,4.78673548451,5909527.28803,104455.32276,0,0.201378212521
31,123456789,3110497485,R1224YDZ&R1233ZDE&R142B&R21&R245CA,0.040000;0.040000;0.300000;0.500000;0.120000,4.70068208686,6011011.77862,106367.542148,0,0.277748799518
31,123456789,3110497485,R1224YDZ&R123&R1233ZDE&R141B&R245CA,0.040000;0.140000;0.100000;0.640000;0.080000,5.04094590215,3460807.70031,99187.7337519,0,0.733428333881
31,123456789,3110497485,R1224YDZ&R123&R1233ZDE&R21&R245CA,0.060000;0.060000;0.080000;0.700000;0.100000,5.02319345044,5505594.73941,99538.2728006,0,1.00659847182
31,123456789,3110497485,R1224YDZ&R1233ZDE&R1234ZEZ&R142B&R21,0.040000;0.040000;0.140000;0.380000;0.400000,4.58420991947,6274841.0078,109070.048881,0,0.0710632389951
31,123456789,3110497485,R1224YDZ&R1233ZDE&R1234ZEZ&R142B&R21,0.060000;0.080000;0.160000;0.220000;0.480000,4.70199055761,5990854.25469,106337.94217,0,0.266279230616
31,123456789,3110497485,R123&R1233ZDE&R141B&R245CA&R365MFC,0.060000;0.060000;0.700000;0.100000;0.080000,5.09810290169,3341250.3846,98075.6978903,0,0.10486162966
31,123456789,3110497485,R1224YDZ&R1233ZDE&R21&R245CA&R245FA,0.080000;0.080000;0.620000;0.060000;0.160000,4.93090554302,5629338.81746,101401.252901,0,0.400111781347
31,123456789,3110497485,R1224YDZ&R123&R142B&R21&R245FA,0.060000;0.040000;0.180000;0.560000;0.160000,4.77219864972,5951924.40249,104773.509382,0,0.318738796999
31,123456789,3110497485,R1233ZDE&R142B&R21&R245CA&R245FA,0.060000;0.340000;0.420000;0.060000;0.120000,4.63111840225,6080179.53839,107965.281077,0,0.306581035148
31,123456789,3110497485,R123&R1233ZDE&R141B&R245CA&R365MFC,0.060000;0.060000;0.760000;0.040000;0.080000,5.13567214903,3311224.8791,97358.2396794,0,0.0646086853948
31,123456789,3110497485,R123&R1233ZDE&R141B&R245CA&R365MFC,0.100000;0.060000;0.660000;0.080000;0.100000,5.08469812567,3342159.98135,98334.2545894,0,0.0353641324512
31,123456789,3110497485,R1224YDZ&R1233ZDE&R1234ZEZ&R142B&R21,0.040000;0.040000;0.200000;0.300000;0.420000,4.62264629128,6163953.16355,108163.153418,0,0.162683815071
31,123456789,3110497485,R1224YDZ&R123&R1233ZDE&R141B&R245CA,0.060000;0.120000;0.060000;0.660000;0.100000,5.04139035711,3446695.21373,99178.9892434,0,0.105568529569
31,123456789,3110497485,R1224YDZ&R1233ZDE&R1234ZEZ&R21&R245CA,0.080000;0.080000;0.160000;0.580000;0.100000,4.93528758168,5569289.19753,101311.218794,0,0.0645048776451
31,123456789,3110497485,R1224YDZ&R1233ZDE&R1234ZEZ&R21&R245CA,0.080000;0.100000;0.120000;0.580000;0.120000,4.93920727148,5516352.0709,101230.819546,0,0.309550351614
31,123456789,3110497485,R1224YDZ&R1233ZDE&R142B&R21&R245CA,0.080000;0.080000;0.160000;0.560000;0.120000,4.8114796361,5746258.85243,103918.137001,0,0.180516160689
31,123456789,3110497485,R1224YDZ&R1233ZDE&R142B&R21&R245FA,0.040000;0.040000;0.340000;0.420000;0.160000,4.62608227721,6147897.4859,108082.816093,0,0.0574064556371
31,123456789,3110497485,R123&R1233ZDE&R141B&R245CA&R365MFC,0.040000;0.040000;0.760000;0.080000;0.080000,5.13666574016,3305108.53865,97339.4075637,0,0.128173394358
31,123456789,3110497485,R1224YDZ&R1233ZDE&R142B&R21&R245CA,0.020000;0.040000;0.440000;0.400000;0.100000,4.58467392106,6195153.88495,109059.010217,0,0.173018305941
31,123456789,3110497485,R1224YDZ&R1233ZDE&R142B&R21&R245CA,0.060000;0.100000;0.140000;0.560000;0.140000,4.82703180392,5683893.70171,103583.324144,0,0.396352746819
31,123456789,3110497485,R123&R1233ZDE&R142B&R21&R245CA,0.060000;0.120000;0.160000;0.580000;0.080000,4.81812217021,5684586.82479,103774.869615,0,0.0731810705199
31,123456789,3110497485,R123&R1233ZDE&R141B&R245CA&R365MFC,0.160000;0.060000;0.620000;0.100000;0.060000,5.07236263208,3389032.55564,98573.393952,0,0.0484006029786
31,123456789,3110497485,R123&R1233ZDE&R141B&R245CA&R365MFC,0.080000;0.080000;0.680000;0.060000;0.100000,5.08745463198,3341474.95535,98280.9747052,0,0.0433817550889
31,123456789,3110497485,R123&R1233ZDE&R141B&R245CA&R365MFC,0.040000;0.080000;0.680000;0.100000;0.100000,5.07686791943,3345379.16483,98485.9184708,0,0.0550937651596
31,123456789,3110497485,R1233ZDE&R1336MZZZ&R141B&R245CA&R365MFC,0.180000;0.020000;0.720000;0.040000;0.040000,5.06756139315,3401503.67349,98666.786884,0,0.119082749621
32,123456789,2277135609,R1224YDZ&R1336MZZZ&R141B&R21&R365MFC,0.060000;0.020000;0.740000;0.100000;0.080000,5.03048521978,3452461.80463,99393.9904711,0,0.302016633086
32,123456789,2277135609,R1224YDZ&R123&R1234ZEZ&R141B&R21,0.020000;0.020000;0.120000;0.160000;0.680000,4.9333778516,5309891.81575,101350.436768,0,0.715157964907
32,123456789,2277135609,R123&R1336MZZZ&R141B&R21&R245CA,0.040000;0.020000;0.640000;0.140000;0.160000,4.98175630881,3597185.27975,100366.210028,0,0.258700926884
32,123456789,2277135609,R1224YDZ&R1336MZZZ&R141B&R245CA&R365MFC,0.040000;0.060000;0.680000;0.080000;0.140000,5.06053242781,3272441.95774,98803.8328244,0,inf
32,123456789,2277135609,R123&R1233ZDE&R1234ZEZ&R21&R245FA,0.060000;0.080000;0.200000;0.580000;0.080000,4.91371201216,5622172.66974,101756.065224,0,0.408695973649
32,123456789,2277135609,R1224YDZ&R123&R1234ZEZ&R21&R245CA,0.040000;0.040000;0.140000;0.580000;0.200000,4.92740624141,5475303.87606,101473.265143,0,0.185118999877
32,123456789,2277135609,R123&R1336MZZZ&R141B&R21&R365MFC,0.120000;0.020000;0.620000;0.160000;0.080000,5.00819032851,3552817.36101,99836.4613169,0,0.242896706425
32,123456789,2277135609,R123&R1233ZDE&R141B&R245CA&R365MFC,0.280000;0.280000;0.380000;0.040000;0.020000,4.94927578068,3620670.79067,101024.881651,0,0.773369689969
32,123456789,2277135609,R1224YDZ&R142B&R21&R245CA&R245FA,0.080000;0.160000;0.680000;0.020000;0.060000,4.8778041034,6088238.0218,102505.141535,0,0.789056322777
32,123456789,2277135609,R1234ZEZ&R142B&R21&R245CA&R245FA,0.120000;0.200000;0.540000;0.040000;0.100000,4.76252424936,6115406.58138,104986.342078,0,0.971348331151
32,123456789,2277135609,R1234ZEZ&R142B&R21&R245CA&R245FA,0.120000;0.380000;0.380000;0.060000;0.060000,4.57713003608,6230636.64674,109238.757924,0,inf
32,123456789,2277135609,R1224YDZ&R1234ZEZ&R142B&R21&R245FA,0.080000;0.100000;0.280000;0.440000;0.100000,4.64775916119,6115600.11893,107578.723996,0,0.829989891299
33,123456789,2764356435,R1233ZDE&R1234ZEZ&R141B&R142B&R21,0.020000;0.180000;0.040000;0.380000;0.380000,4.54880927113,6196175.09621,109918.875512,0,inf
33,123456789,2764356435,R1233ZDE&R1234ZEZ&R1336MZZZ&R142B&R21,0.040000;0.080000;0.040000;0.280000;0.560000,4.68587950252,6073624.65661,106703.554739,0,0.51805245776
33,123456789,2764356435,R1224YDZ&R1234ZEZ&R142B&R21&R245FA,0.100000;0.100000;0.200000;0.480000;0.120000,4.70730537597,5994266.2422,106217.880521,0,0.225468673346
33,123456789,2764356435,R123&R1234ZEZ&R1336MZZZ&R141B&R245CA,0.120000;0.180000;0.080000;0.380000;0.240000,5.3170004332,3630025.13897,94037.9836869,0,inf
33,123456789,2764356435,R1234ZEZ&R141B&R142B&R21&R245CA,0.080000;0.020000;0.060000;0.780000;0.060000,5.00099147178,5967722.05839,99980.1744957,0,0.402918053479
33,123456789,2764356435,R1234ZEZ&R142B&R21&R245CA&R245FA,0.100000;0.080000;0.640000;0.060000;0.120000,4.89586820533,5968314.8661,102126.932146,0,0.548026018998
33,123456789,2764356435,R1234ZEZ&R141B&R142B&R21&R245CA,0.120000;0.020000;0.200000;0.560000;0.100000,4.7638268974,5977334.35591,104957.634013,0,0.0627915901278
33,123456789,2764356435,R1234ZEZ&R141B&R142B&R21&R245FA,0.100000;0.040000;0.160000;0.580000;0.120000,4.77771195123,5972080.19589,104652.604658,0,0.0778754127949
33,123456789,2764356435,R1234ZEZ&R142B&R21&R245CA&R245FA,0.100000;0.180000;0.520000;0.080000;0.120000,4.75681504475,5989117.78786,105112.348346,0,0.159531738721
33,123456789,2764356435,R1233ZDE&R1234ZEZ&R141B&R21&R245CA,0.040000;0.120000;0.040000;0.720000;0.080000,5.00696132477,5671625.46312,99860.9670752,0,0.149188252897
33,123456789,2764356435,R1233ZDE&R1234ZEZ&R142B&R21&R245CA,0.060000;0.120000;0.180000;0.560000;0.080000,4.79181512542,5970048.90318,104344.59321,0,0.31431676703
33,123456789,2764356435,R1233ZDE&R1234ZEZ&R141B&R21&R245CA,0.060000;0.100000;0.040000;0.720000;0.080000,5.00957574799,5641242.16355,99808.8511188,0,1.56585117831
34,123456789,3403425363,R123&R1233ZDE&R141B&R245CA&R245FA,0.180000;0.120000;0.540000;0.120000;0.040000,4.97575189919,3537759.76616,100487.325359,0,0.262618989146
34,123456789,3403425363,R1224YDZ&R1233ZDE&R142B&R21&R245FA,0.020000;0.020000;0.260000;0.500000;0.200000,4.71227536574,6141557.94044,106105.853583,0,inf
34,123456789,3403425363,R1233ZDE&R1336MZZZ&R141B&R21&R365MFC,0.060000;0.100000;0.660000;0.140000;0.040000,4.9928455181,3531568.09194,100143.294678,0,0.220602944197
34,123456789,3403425363,R1224YDZ&R1233ZDE&R1234ZEZ&R21&R245FA,0.040000;0.040000;0.180000;0.520000;0.220000,4.85311363221,5712611.91459,103026.641841,0,0.597572969295
34,123456789,3403425363,R1224YDZ&R1234ZEZ&R142B&R21&R245FA,0.020000;0.200000;0.040000;0.520000;0.220000,4.82587471478,5841497.51587,103608.160085,0,0.399798849238
34,123456789,3403425363,R123&R1233ZDE&R141B&R245CA&R365MFC,0.220000;0.100000;0.540000;0.100000;0.040000,5.03022794765,3458228.28001,99399.073999,0,inf
34,123456789,3403425363,R1224YDZ&R1233ZDE&R1234ZEZ&R141B&R21,0.060000;0.060000;0.300000;0.020000;0.560000,4.91049902254,5666561.20944,101822.645256,0,0.494746740097
34,123456789,3403425363,R1224YDZ&R1234ZEZ&R142B&R21&R245FA,0.020000;0.200000;0.060000;0.500000;0.220000,4.79840220426,5853679.77215,104201.3526,0,0.717960214698
34,123456789,3403425363,R1233ZDE&R141B&R142B&R21&R245FA,0.100000;0.020000;0.260000;0.540000;0.080000,4.72454084224,6023727.48176,105830.39002,0,0.66212998147
34,123456789,3403425363,R1224YDZ&R123&R1233ZDE&R141B&R21,0.080000;0.200000;0.080000;0.060000;0.580000,4.9325105117,4973872.86685,101368.258377,0,0.766584121407
34,123456789,3403425363,R1224YDZ&R123&R1233ZDE&R141B&R21,0.040000;0.180000;0.100000;0.540000;0.140000,4.96060013095,3703685.09506,100794.256098,0,0.802547276904
34,123456789,3403425363,R1224YDZ&R1233ZDE&R141B&R21&R245CA,0.100000;0.120000;0.040000;0.580000;0.160000,4.93054295055,5261180.22985,101408.709956,0,0.277542784495
34,123456789,3403425363,R123&R141B&R21&R245FA&R365MFC,0.320000;0.500000;0.060000;0.040000;0.080000,5.0084313923,3483932.85511,99831.6560287,0,0.255869415639
34,123456789,3403425363,R1224YDZ&R123&R141B&R142B&R21,0.060000;0.180000;0.020000;0.060000;0.680000,4.91354359534,5401988.31789,101759.553019,0,0.275833420064
35,123456789,3063658973,R1233ZDE&R1234ZEZ&R142B&R21&R245FA,0.060000;0.160000;0.260000;0.500000;0.020000,4.703981612,6179488.17254,106292.932507,0,1.02072940814
35,123456789,3063658973,R1224YDZ&R1234ZEZ&R142B&R21&R245FA,0.040000;0.180000;0.380000;0.360000;0.040000,4.55285911533,6284089.9034,109821.100837,0,inf
35,123456789,3063658973,R1224YDZ&R1233ZDE&R1234ZEZ&R142B&R21,0.120000;0.020000;0.040000;0.100000;0.720000,4.94080650984,5969292.20692,101198.053193,0,1.52507851499
35,123456789,3063658973,R1224YDZ&R1234ZEZ&R142B&R21&R245FA,0.040000;0.140000;0.200000;0.480000;0.140000,4.71204822297,6063872.32117,106110.968381,0,0.651702243744
35,123456789,3063658973,R1224YDZ&R1233ZDE&R1234ZEZ&R141B&R21,0.060000;0.040000;0.060000;0.080000;0.760000,5.01428273435,5570510.92766,99715.1589748,0,inf
35,123456789,3063658973,R1233ZDE&R1234ZEZ&R142B&R21&R245FA,0.060000;0.060000;0.160000;0.580000;0.140000,4.80940788405,6042009.08996,103962.90189,0,1.1144508649
36,123456789,1783615127,R123&R1336MZZZ&R141B&R21&RE245FA2,0.580000;0.040000;0.280000;0.020000;0.080000,5.01080822233,3481661.99318,99784.3018163,0,0.161252304267
36,123456789,1783615127,R123&R1336MZZZ&R141B&R21&RE245FA2,0.540000;0.060000;0.280000;0.040000;0.080000,4.98681033854,3506935.45239,100264.490938,0,0.204639953738
36,123456789,1783615127,R123&R1233ZDE&R142B&R21&R245CA,0.080000;0.080000;0.200000;0.580000;0.060000,4.7838234136,5772098.49614,104518.908156,0,0.860763889121
36,123456789,1783615127,R123&R141B&R245CA&R365MFC&RE245FA2,0.460000;0.360000;0.120000;0.020000;0.040000,5.00481397292,3491206.22974,99903.8131497,0,0.143587915613
36,123456789,1783615127,R123&R1233ZDE&R141B&R21&R245CA,0.400000;0.120000;0.360000;0.060000;0.060000,4.96176979103,3652834.00674,100770.49542,0,0.740368031781
36,123456789,1783615127,R123&R1234ZEZ&R142B&R21&R245FA,0.060000;0.160000;0.140000;0.500000;0.140000,4.74685814189,5870491.80099,105332.829643,0,0.324503935245
36,123456789,1783615127,R123&R1234ZEZ&R141B&R21&RE245FA2,0.080000;0.020000;0.640000;0.120000;0.140000,4.97047604532,3523980.54633,100593.986459,0,0.152257068599
36,123456789,1783615127,R123&R1233ZDE&R1234ZEZ&R142B&R21,0.020000;0.100000;0.120000;0.240000;0.520000,4.72123542083,6036370.57112,105904.48377,0,inf
36,123456789,1783615127,R1336MZZZ&R141B&R245CA&R245FA&R365MFC,0.040000;0.680000;0.120000;0.040000;0.120000,5.07099090298,3299701.65465,98600.0585617,0,inf
36,123456789,1783615127,R123&R1233ZDE&R141B&R245FA&R365MFC,0.140000;0.100000;0.380000;0.220000;0.160000,4.9626804912,3552157.33627,100752.003053,0,0.0961411154177
36,123456789,1783615127,R123&R1234ZEZ&R21&R245CA&R245FA,0.040000;0.140000;0.560000;0.060000;0.200000,4.88173640473,5660577.94844,102422.572328,0,1.09789491158
36,123456789,1783615127,R1233ZDE&R1234ZEZ&R21&R245CA&R245FA,0.160000;0.100000;0.600000;0.120000;0.020000,4.95937170691,5527225.46023,100819.222585,0,1.18864665453
36,123456789,1783615127,R1233ZDE&R1234ZEZ&R142B&R21&R245CA,0.080000;0.140000;0.200000;0.500000;0.080000,4.73801690166,5923160.82984,105529.382942,0,0.212133684158
36,123456789,1783615127,R123&R1336MZZZ&R141B&R245FA&R365MFC,0.140000;0.060000;0.620000;0.060000;0.120000,5.04415868307,3319693.896,99124.5580117,0,0.276422398764
36,123456789,1783615127,R123&R1233ZDE&R1336MZZZ&R141B&R245CA,0.080000;0.120000;0.060000;0.620000;0.120000,5.03014251887,3436568.39688,99400.7621303,0,0.244859154618
37,123456789,2392049427,R1233ZDE&R1234ZEZ&R21&R245CA&RE245FA2,0.160000;0.080000;0.680000;0.040000;0.040000,5.00571026252,5574865.9887,99885.9250292,0,0.930458684323
37,123456789,2392049427,R1234ZEZ&R21&R245CA&R245FA&RE245FA2,0.140000;0.620000;0.080000;0.140000;0.020000,4.92659448744,5734916.18912,101489.984872,0,0.167440172923
37,123456789,2392049427,R1234ZEZ&R142B&R21&R245CA&RE245FA2,0.100000;0.140000;0.640000;0.060000;0.060000,4.84289372268,5904444.34825,103244.057919,0,0.0736287405957
37,123456789,2392049427,R1233ZDE&R1234ZEZ&R142B&R21&R245FA,0.040000;0.100000;0.400000;0.360000;0.100000,4.55901375391,6271326.87374,109672.843073,0,0.39874317691
37,123456789,2392049427,R1233ZDE&R1234ZEZ&R142B&R21&R245FA,0.020000;0.120000;0.440000;0.300000;0.120000,4.49907008716,6287600.96364,111134.076668,0,0.366052137267
37,123456789,2392049427,R1233ZDE&R142B&R21&R245CA&R245FA,0.160000;0.040000;0.640000;0.020000;0.140000,4.92816866648,5722450.11751,101457.566459,0,0.0742868499903
37,123456789,2392049427,R1233ZDE&R142B&R21&R245CA&R245FA,0.100000;0.080000;0.580000;0.080000;0.160000,4.85904903552,5739989.51123,102900.79321,0,0.0455604670474
37,123456789,2392049427,R1234ZEZ&R142B&R21&R245CA&RE245FA2,0.060000;0.160000;0.660000;0.040000;0.080000,4.8372426635,5915544.9065,103364.671732,0,0.0613659920327
37,123456789,2392049427,R1233ZDE&R1234ZEZ&R142B&R21&R245CA,0.120000;0.160000;0.100000;0.580000;0.040000,4.85558098103,5829078.59027,102974.289164,0,0.0936107831518
37,123456789,2392049427,R1234ZEZ&R142B&R21&R245CA&R245FA,0.080000;0.140000;0.600000;0.060000;0.120000,4.83465884455,6029983.24532,103419.913602,0,0.339495326805
37,123456789,2392049427,R1234ZEZ&R142B&R21&R245FA&RE245FA2,0.060000;0.240000;0.540000;0.120000;0.040000,4.72637395205,6103057.72724,105789.344024,0,0.441903779421
37,123456789,2392049427,R1233ZDE&R1234ZEZ&R142B&R21&R245CA,0.160000;0.100000;0.100000;0.580000;0.060000,4.86189856914,5737231.69032,102840.483587,0,0.167476880615
37,123456789,2392049427,R1234ZEZ&R142B&R21&R245CA&R245FA,0.140000;0.320000;0.440000;0.060000;0.040000,4.64068182134,6206271.15847,107742.788506,0,0.265782396588
37,123456789,2392049427,R1234ZEZ&R21&R245CA&R245FA&RE245FA2,0.160000;0.660000;0.060000;0.060000;0.060000,4.9519456688,5696230.13784,100970.413135,0,0.235763367893
37,123456789,2392049427,R1234ZEZ&R142B&R21&R245CA&R245FA,0.140000;0.300000;0.440000;0.060000;0.060000,4.64750436743,6164167.50083,107584.621868,0,0.107163353929
37,123456789,2392049427,R1234ZEZ&R142B&R21&R245CA&R245FA,0.120000;0.280000;0.460000;0.080000;0.060000,4.67052377291,6113611.41178,107054.374265,0,0.221934171641
37,123456789,2392049427,R123&R1233ZDE&R1234ZEZ&R142B&R21,0.040000;0.040000;0.120000;0.540000;0.260000,4.42829703109,6321620.41572,112910.221805,0,0.448520402265
37,123456789,2392049427,R1224YDZ&R123&R1336MZZZ&R141B&R245FA,0.040000;0.180000;0.040000;0.660000;0.080000,5.03135470679,3429051.73025,99376.8138281,0,0.842779474962
37,123456789,2392049427,R1233ZDE&R1234ZEZ&R142B&R21&R365MFC,0.040000;0.120000;0.620000;0.200000;0.020000,4.34530892871,6380137.02734,115066.617403,0,inf
37,123456789,2392049427,R123&R1336MZZZ&R141B&R365MFC&RE245FA2,0.220000;0.040000;0.660000;0.020000;0.060000,5.13210790501,3313049.14055,97425.8548835,0,inf
37,123456789,2392049427,R1233ZDE&R1336MZZZ&R141B&R365MFC&RE245FA2,0.120000;0.060000;0.680000;0.060000;0.080000,5.05128043902,3324300.60644,98984.8031675,0,0.276470097363
38,123456789,3039388257,R123&R1336MZZZ&R141B&R21&RE245FA2,0.360000;0.020000;0.520000;0.060000;0.040000,5.06081484726,3475060.94874,98798.3190634,0,inf
38,123456789,3039388257,R123&R1233ZDE&R1336MZZZ&R21&R245CA,0.140000;0.140000;0.040000;0.560000;0.120000,4.91998013293,5029215.54777,101626.42663,0,0.637208953296
38,123456789,3039388257,R123&R1336MZZZ&R141B&R21&RE245FA2,0.340000;0.040000;0.480000;0.080000;0.060000,5.01919792052,3511651.34518,99617.5101914,0,0.0900386360756
38,123456789,3039388257,R123&R1233ZDE&R1336MZZZ&R141B&R21,0.300000;0.100000;0.060000;0.400000;0.140000,4.94843643236,3702832.4782,101042.01738,0,0.0717623549162
38,123456789,3039388257,R123&R1336MZZZ&R141B&R21&RE245FA2,0.340000;0.060000;0.480000;0.080000;0.040000,5.02143791776,3505943.99371,99573.0721338,0,0.0185748319357
38,123456789,3039388257,R123&R1336MZZZ&R141B&R21&RE245FA2,0.260000;0.040000;0.460000;0.180000;0.060000,4.95334636287,3683745.85254,100941.860991,0,0.0382993719848
38,123456789,3039388257,R123&R1336MZZZ&R141B&R21&RE245FA2,0.180000;0.040000;0.500000;0.240000;0.040000,4.94191396952,3772054.96452,101175.375185,0,0.123819298418
38,123456789,3039388257,R123&R1336MZZZ&R141B&R21&RE245FA2,0.340000;0.040000;0.460000;0.100000;0.060000,5.0004541996,3551378.36119,99990.9168332,0,0.106698957858
38,123456789,3039388257,R1234ZEZ&R142B&R21&R245FA&RE245FA2,0.060000;0.480000;0.360000;0.060000;0.040000,4.52008916448,6336471.60715,110617.286918,0,inf
38,123456789,3039388257,R1233ZDE&R142B&R21&R245FA&R365MFC,0.020000;0.140000;0.780000;0.020000;0.040000,4.89237114613,5976919.38763,102199.932316,0,0.60351023987
38,123456789,3039388257,R123&R1233ZDE&R1336MZZZ&R141B&R21,0.300000;0.120000;0.040000;0.440000;0.100000,4.97544600606,3641042.5972,100493.503375,0,0.0761533041701
38,123456789,3039388257,R123&R1233ZDE&R1336MZZZ&R141B&R21,0.260000;0.120000;0.060000;0.380000;0.180000,4.92290723673,3795176.93435,101566.00073,0,0.518076991046
38,123456789,3039388257,R1233ZDE&R1234ZEZ&R142B&R21&R245FA,0.100000;0.080000;0.340000;0.400000;0.080000,4.6055480614,6125252.33228,108564.712241,0,0.821075375517
38,123456789,3039388257,R1234ZEZ&R142B&R21&R245FA&RE245FA2,0.100000;0.400000;0.360000;0.100000;0.040000,4.53435284436,6188407.68312,110269.318944,0,0.337117347118
38,123456789,3039388257,R1233ZDE&R1234ZEZ&R21&R245CA&R245FA,0.140000;0.120000;0.560000;0.100000;0.080000,4.91592314164,5546600.54876,101710.296438,0,0.43078493199
38,123456789,3039388257,R1233ZDE&R1234ZEZ&R142B&R21&R245FA,0.080000;0.100000;0.180000;0.580000;0.060000,4.79981345593,6063386.89206,104170.715089,0,1.12080260458
38,123456789,3039388257,R123&R1336MZZZ&R141B&R21&RE245FA2,0.340000;0.040000;0.460000;0.120000;0.040000,4.99638635159,3586134.47739,100072.32524,0,0.105156157007
38,123456789,3039388257,R123&R1234ZEZ&R142B&R21&R245CA,0.060000;0.140000;0.360000;0.420000;0.020000,4.59103104077,6161074.84934,108907.998129,0,0.297963817388
38,123456789,3039388257,R123&R1336MZZZ&R141B&R21&RE245FA2,0.300000;0.040000;0.440000;0.160000;0.060000,4.95999596096,3658618.88803,100806.533702,0,0.0796550698172
38,123456789,3039388257,R123&R1336MZZZ&R141B&R21&RE245FA2,0.320000;0.040000;0.500000;0.080000;0.060000,5.02371548857,3504095.00162,99527.929306,0,0.0709043991833
38,123456789,3039388257,R123&R1336MZZZ&R141B&R21&RE245FA2,0.400000;0.040000;0.460000;0.060000;0.040000,5.03983761965,3488435.84736,99209.5455717,0,0.14048922106
38,123456789,3039388257,R123&R1233ZDE&R141B&R21&RE245FA2,0.300000;0.120000;0.420000;0.100000;0.060000,4.95514769454,3661889.0835,100905.165864,0,0.0325288740924
38,123456789,3039388257,R123&R1233ZDE&R1336MZZZ&R141B&R21,0.320000;0.120000;0.060000;0.420000;0.080000,4.97621947328,3606131.85922,100477.883398,0,0.0935513331236
39,123456789,2659695837,R123&R1233ZDE&R141B&R245CA&RE245FA2,0.020000;0.220000;0.660000;0.020000;0.080000,5.02536304033,3449182.25554,99495.2993421,0,inf
39,123456789,2659695837,R1233ZDE&R1234ZEZ&R142B&R21&R245FA,0.060000;0.100000;0.080000;0.620000;0.140000,4.88054347552,5949559.03508,102447.607015,0,0.582239106927
39,123456789,2659695837,R123&R1233ZDE&R141B&R21&RE245FA2,0.040000;0.120000;0.660000;0.080000;0.100000,5.00586570294,3505614.76638,99882.8234058,0,0.786589197217
39,123456789,2659695837,R1234ZEZ&R141B&R142B&R21&R245FA,0.040000;0.020000;0.700000;0.220000;0.020000,4.39521970781,6635164.13256,113759.95587,0,inf
39,123456789,2659695837,R1234ZEZ&R142B&R21&R245CA&R245FA,0.060000;0.580000;0.300000;0.020000;0.040000,4.48290004515,6559468.23495,111534.942775,0,1.01749243676
39,123456789,2659695837,R123&R1234ZEZ&R21&R245CA&R245FA,0.080000;0.060000;0.700000;0.080000;0.080000,4.98787465711,5652774.34641,100243.096383,0,0.834645150112
39,123456789,2659695837,R1234ZEZ&R142B&R21&R245CA&R245FA,0.060000;0.340000;0.480000;0.040000;0.080000,4.67154026439,6293399.05955,107031.080051,0,0.801190708721
39,123456789,2659695837,R1234ZEZ&R142B&R21&R245CA&R245FA,0.060000;0.180000;0.580000;0.080000;0.100000,4.80262151766,6048098.91017,104109.807146,0,0.658333555485
39,123456789,2659695837,R123&R1233ZDE&R141B&R245CA&RE245FA2,0.080000;0.200000;0.620000;0.020000;0.080000,5.02071085556,3459162.0451,99587.4915693,0,0.0758205977512
39,123456789,2659695837,R123&R1234ZEZ&R21&R245CA&R245FA,0.020000;0.100000;0.660000;0.100000;0.120000,4.96234645221,5749103.06796,100758.785146,0,0.418025039709
39,123456789,2659695837,R123&R1234ZEZ&R142B&R21&R245FA,0.040000;0.080000;0.280000;0.500000;0.100000,4.69031551542,6157194.78825,106602.636508,0,0.489802708454
40,123456789,3840731549,R1234ZEZ&R1336MZZZ&R141B&R245CA&RE245FA2,0.140000;0.160000;0.520000;0.060000;0.120000,5.14381541871,3422821.12928,97204.1100428,0,inf
40,123456789,3840731549,R1234ZEZ&R142B&R21&R245CA&R245FA,0.120000;0.420000;0.360000;0.040000;0.060000,4.55216462754,6314375.52676,109837.855374,0,inf
40,123456789,3840731549,R1224YDZ&R1234ZEZ&R141B&R21&RE245FA2,0.080000;0.140000;0.060000;0.700000;0.020000,4.97148369925,5605552.91902,100573.59739,0,0.251328026908
40,123456789,3840731549,R1233ZDE&R1234ZEZ&R142B&R21&R245FA,0.100000;0.160000;0.060000;0.520000;0.160000,4.82393304789,5778536.16104,103649.863096,0,0.603388625781
40,123456789,3840731549,R1233ZDE&R1234ZEZ&R142B&R21&R365MFC,0.120000;0.020000;0.220000;0.620000;0.020000,4.77976938899,5967850.50764,104607.55725,0,0.319852288176
40,123456789,3840731549,R1234ZEZ&R142B&R21&R245CA&R245FA,0.140000;0.300000;0.420000;0.060000;0.080000,4.63191272572,6134189.48717,107946.766187,0,0.394363237327
40,123456789,3840731549,R1234ZEZ&R142B&R21&R245CA&R245FA,0.060000;0.220000;0.520000;0.080000;0.120000,4.74121201453,6050231.12808,105458.266466,0,0.266690945781
40,123456789,3840731549,R123&R1234ZEZ&R21&R245CA&R245FA,0.020000;0.160000;0.620000;0.080000;0.120000,4.93620266506,5746399.98661,101292.437513,0,0.464247413805
40,123456789,3840731549,R1224YDZ&R123&R21&R245CA&RE245FA2,0.100000;0.040000;0.720000;0.080000;0.060000,5.01095049517,5508795.31868,99781.4687017,0,0.922733526773
40,123456789,3840731549,R1224YDZ&R123&R1336MZZZ&R141B&R21,0.040000;0.260000;0.080000;0.560000;0.060000,5.02810724829,3473377.38578,99440.997439,0,1.14997473334
40,123456789,3840731549,R123&R1234ZEZ&R21&R245CA&R245FA,0.060000;0.140000;0.640000;0.080000;0.080000,4.95108948618,5666850.8222,100987.873759,0,0.165239745732
40,123456789,3840731549,R1234ZEZ&R142B&R21&R245CA&R245FA,0.120000;0.360000;0.380000;0.060000;0.080000,4.58272536225,6187400.23354,109105.381727,0,0.274308007997
40,123456789,3840731549,R1234ZEZ&R1336MZZZ&R142B&R21&R245FA,0.020000;0.040000;0.420000;0.440000;0.080000,4.56398672015,6227687.70965,109553.34243,0,0.142117374145
40,123456789,3840731549,R1234ZEZ&R142B&R21&R245CA&R245FA,0.160000;0.180000;0.520000;0.060000;0.080000,4.75655311109,6038051.01911,105118.136668,0,0.160995487997
40,123456789,3840731549,R1234ZEZ&R142B&R21&R245CA&R245FA,0.160000;0.400000;0.360000;0.040000;0.040000,4.55344040099,6294615.17195,109807.081233,0,0.0724812765909
40,123456789,3840731549,R123&R142B&R21&R245CA&R245FA,0.040000;0.320000;0.500000;0.080000;0.060000,4.68467569378,6088779.46869,106730.97407,0,0.410744313558
41,123456789,911466434,R1224YDZ&R123&R1233ZDE&R1336MZZZ&R141B,0.060000;0.280000;0.100000;0.080000;0.480000,4.98760449367,3480405.20473,100248.526248,0,0.109306113949
41,123456789,911466434,R1233ZDE&R1234ZEZ&R142B&R21&R245CA,0.020000;0.040000;0.140000;0.700000;0.100000,4.91373833518,6034963.22639,101755.520114,0,0.176660889508
41,123456789,911466434,R123&R1233ZDE&R1336MZZZ&R141B&R245CA,0.180000;0.120000;0.080000;0.480000;0.140000,4.97110922962,3497135.34386,100581.173518,0,0.758002653083
41,123456789,911466434,R1224YDZ&R1234ZEZ&R142B&R21&RE245FA2,0.060000;0.200000;0.460000;0.260000;0.020000,4.43000341266,6222709.90232,112866.730209,0,inf
41,123456789,911466434,R1224YDZ&R1234ZEZ&R142B&R21&R365MFC,0.060000;0.200000;0.340000;0.380000;0.020000,4.54155369363,6104678.12565,110094.481697,0,1.42379368026
41,123456789,911466434,R123&R1233ZDE&R1336MZZZ&R141B&R245CA,0.200000;0.060000;0.080000;0.520000;0.140000,5.0127275844,3445956.28795,99746.0946324,0,0.185353961489
41,123456789,911466434,R123&R1233ZDE&R1336MZZZ&R141B&R245CA,0.180000;0.080000;0.080000;0.520000;0.140000,5.00282357422,3456693.02803,99943.5603879,0,0.0872251670355
41,123456789,911466434,R1224YDZ&R1233ZDE&R1234ZEZ&R142B&R21,0.140000;0.020000;0.200000;0.020000;0.620000,4.93037854961,5770666.3587,101412.091378,0,0.340308259715
41,123456789,911466434,R1224YDZ&R123&R1336MZZZ&R141B&R245FA,0.080000;0.020000;0.100000;0.760000;0.040000,5.05352883306,3357635.10457,98940.76328,0,0.195741669247
41,123456789,911466434,R1224YDZ&R1233ZDE&R142B&R21&RE245FA2,0.080000;0.040000;0.520000;0.320000;0.040000,4.47473371103,6197702.88394,111738.492677,0,0.413768854596
41,123456789,911466434,R123&R1336MZZZ&R141B&R245FA&RE245FA2,0.020000;0.100000;0.700000;0.060000;0.120000,5.06176210525,3301248.62805,98779.8299492,0,inf
41,123456789,911466434,R123&R1234ZEZ&R141B&R142B&R21,0.020000;0.080000;0.020000;0.140000;0.740000,4.90976934085,6103187.99629,101837.777966,0,1.20495339632
41,123456789,911466434,R123&R1233ZDE&R1234ZEZ&R141B&R21,0.040000;0.100000;0.140000;0.060000;0.660000,4.96345550201,5482054.95328,100736.271293,0,0.901674104052
42,123456789,246389011,R1233ZDE&R1234ZEZ&R142B&R21&R245FA,0.020000;0.120000;0.380000;0.340000;0.140000,4.54680899122,6226124.36876,109967.232176,0,inf
42,123456789,246389011,R1233ZDE&R1234ZEZ&R142B&R21&R245FA,0.080000;0.120000;0.260000;0.480000;0.060000,4.69137293092,6113492.14148,106578.608728,0,0.397806274136
42,123456789,246389011,R1233ZDE&R1234ZEZ&R142B&R21&R245FA,0.040000;0.100000;0.340000;0.380000;0.140000,4.5914366964,6175334.8665,108898.376056,0,0.287497768369
42,123456789,246389011,R123&R1233ZDE&R142B&R21&R245CA,0.040000;0.040000;0.060000;0.720000;0.140000,4.98163155982,5723225.9846,100368.723378,0,0.336848581208
42,123456789,246389011,R1234ZEZ&R142B&R21&R245CA&R245FA,0.080000;0.360000;0.420000;0.100000;0.040000,4.615159186,6169641.17657,108338.62492,0,0.154104346194
42,123456789,246389011,R1233ZDE&R1336MZZZ&R141B&R21&R245CA,0.060000;0.160000;0.680000;0.080000;0.020000,5.01915920721,3436250.06374,99618.2785518,0,0.156439290959
42,123456789,246389011,R1233ZDE&R1234ZEZ&R142B&R21&R245FA,0.060000;0.120000;0.080000;0.680000;0.060000,4.92732885626,6006830.21096,101474.85881,0,0.991011096678
42,123456789,246389011,R123&R141B&R21&R245CA&RE245FA2,0.480000;0.360000;0.040000;0.060000;0.060000,4.99999846989,3538974.47963,100000.030602,0,0.872990536885
42,123456789,246389011,R1234ZEZ&R142B&R21&R245CA&R245FA,0.120000;0.320000;0.420000;0.060000;0.080000,4.62657749181,6165984.53634,108071.247242,0,0.279058096596
42,123456789,246389011,R1234ZEZ&R21&R245CA&R245FA&R365MFC,0.080000;0.760000;0.080000;0.040000;0.040000,4.9823258187,5673499.24674,100354.737565,0,0.0803180790413
42,123456789,246389011,R1233ZDE&R1234ZEZ&R142B&R21&R245FA,0.040000;0.120000;0.260000;0.460000;0.120000,4.678119455,6138079.04809,106880.554208,0,0.29348405428
42,123456789,246389011,R1233ZDE&R141B&R245CA&R245FA&R365MFC,0.080000;0.700000;0.040000;0.080000;0.100000,5.03071537689,3384496.20618,99389.4431589,0,inf
42,123456789,246389011,R123&R1233ZDE&R141B&R245CA&R365MFC,0.140000;0.100000;0.560000;0.080000;0.120000,5.02612682779,3387518.19864,99480.1796953,0,0.0637273256979
42,123456789,246389011,R1234ZEZ&R142B&R21&R245CA&R245FA,0.080000;0.220000;0.560000;0.080000;0.060000,4.77065656298,6108004.7866,104807.376804,0,1.00763890663
42,123456789,246389011,R1224YDZ&R1234ZEZ&R1336MZZZ&R21&R245FA,0.080000;0.060000;0.060000;0.780000;0.020000,4.9939030347,5633309.59748,100122.08818,0,0.821216580426
42,123456789,246389011,R1233ZDE&R1234ZEZ&R142B&R21&R245FA,0.020000;0.140000;0.360000;0.340000;0.140000,4.55059492949,6194531.2418,109875.743226,0,0.211144435956
43,123456789,3740381592,R1233ZDE&R1234ZEZ&R142B&R21&R245FA,0.120000;0.100000;0.020000;0.560000;0.200000,4.87575871725,5715390.67824,102548.142555,0,0.499165499803
43,123456789,3740381592,R1224YDZ&R1234ZEZ&R141B&R21&RE245FA2,0.060000;0.060000;0.020000;0.780000;0.080000,5.0272805311,5655098.3594,99457.3501332,0,inf
43,123456789,3740381592,R1224YDZ&R1234ZEZ&R141B&R142B&R21,0.080000;0.100000;0.020000;0.520000;0.280000,4.44333496945,6305079.12541,112528.090598,0,inf
43,123456789,3740381592,R1234ZEZ&R142B&R21&R245CA&R245FA,0.080000;0.120000;0.580000;0.040000;0.180000,4.82728145053,5995469.70831,103577.967252,0,0.321112945439
43,123456789,3740381592,R1224YDZ&R1234ZEZ&R142B&R21&R245CA,0.060000;0.060000;0.200000;0.580000;0.100000,4.79350839109,5998465.10498,104307.734379,0,0.258914604256
43,123456789,3740381592,R1224YDZ&R1234ZEZ&R142B&R21&R245CA,0.060000;0.080000;0.140000;0.600000;0.120000,4.83981435998,5890918.13252,103309.747608,0,0.592708873784
43,123456789,3740381592,R1224YDZ&R1234ZEZ&R141B&R142B&R21,0.060000;0.060000;0.040000;0.220000;0.620000,4.77527737087,6049781.5637,104705.95971,0,0.467763075147
43,123456789,3740381592,R1224YDZ&R1234ZEZ&R141B&R21&R245FA,0.040000;0.100000;0.040000;0.620000;0.200000,4.89506288377,5685949.88065,102143.733773,0,0.588706019989
43,123456789,3740381592,R1233ZDE&R1234ZEZ&R142B&R21&R245FA,0.060000;0.080000;0.280000;0.440000;0.140000,4.65786733426,6109369.9281,107345.264285,0,0.28278237465
43,123456789,3740381592,R1224YDZ&R1234ZEZ&R141B&R142B&R21,0.060000;0.080000;0.040000;0.360000;0.460000,4.60953649669,6163758.81435,108470.775827,0,1.0650054159
43,123456789,3740381592,R1224YDZ&R1234ZEZ&R142B&R21&R245FA,0.080000;0.080000;0.240000;0.480000;0.120000,4.6938307954,6081401.89687,106522.800202,0,0.464435636937
43,123456789,3740381592,R1234ZEZ&R142B&R21&R245CA&R245FA,0.080000;0.300000;0.460000;0.100000;0.060000,4.665191579,6106254.49913,107176.73466,0,0.16754008554
44,123456789,401640570,R1224YDZ&R142B&R21&R245FA&RE245FA2,0.060000;0.040000;0.680000;0.180000;0.040000,4.92085454734,5822211.14848,101608.368057,0,0.112588518804
44,123456789,401640570,R1233ZDE&R1234ZEZ&R142B&R21&RE245FA2,0.060000;0.060000;0.120000;0.720000;0.040000,4.91946581749,5978684.89361,101637.051369,0,0.613591349952
44,123456789,401640570,R1224YDZ&R1233ZDE&R1234ZEZ&R21&RE245FA2,0.160000;0.060000;0.080000;0.620000;0.080000,4.93573938651,5452462.40657,101301.945027,0,0.076086148091
44,123456789,401640570,R1233ZDE&R1234ZEZ&R142B&R21&R245FA,0.040000;0.020000;0.220000;0.560000;0.160000,4.77071252424,6142677.35903,104806.147396,0,1.08497053576
44,123456789,401640570,R1224YDZ&R1234ZEZ&R21&R245FA&RE245FA2,0.120000;0.080000;0.640000;0.140000;0.020000,4.92933017229,5733326.82231,101433.659853,0,0.131284302518
44,123456789,401640570,R1234ZEZ&R142B&R21&R245FA&RE245FA2,0.100000;0.320000;0.440000;0.100000;0.040000,4.62077943079,6146472.10265,108206.852867,0,0.586870889655
44,123456789,401640570,R1224YDZ&R1233ZDE&R1234ZEZ&R21&RE245FA2,0.160000;0.140000;0.060000;0.600000;0.040000,4.94491214986,5430447.46211,101114.030916,0,0.703851684703
44,123456789,401640570,R1336MZZZ&R141B&R245CA&R365MFC&RE347MCCHFE7000,0.020000;0.900000;0.040000;0.020000;0.020000,5.21607575761,3231800.92328,95857.5034634,0,inf
44,123456789,401640570,R1336MZZZ&R141B&R21&RE245FA2&RE347MCCHFE7000,0.040000;0.760000;0.080000;0.040000;0.080000,5.05262302576,3303406.91418,98958.5008521,0,0.154386604607
44,123456789,401640570,R141B&R245CA&R245FA&R365MFC&RE347MCCHFE7000,0.800000;0.060000;0.040000;0.060000;0.040000,5.12754280408,3256182.35867,97512.5940641,0,0.188792672026
44,123456789,401640570,R1336MZZZ&R141B&R245CA&R245FA&R365MFC,0.020000;0.720000;0.080000;0.140000;0.040000,5.03379496791,3408249.57844,99328.6383708,0,0.167074966659
44,123456789,401640570,R1336MZZZ&R141B&R245CA&R365MFC&RE245FA2,0.040000;0.820000;0.060000;0.040000;0.040000,5.17459212706,3252776.35185,96625.9731633,0,0.289776868793
44,123456789,401640570,R1336MZZZ&R141B&R245CA&R245FA&R365MFC,0.020000;0.700000;0.060000;0.160000;0.060000,5.01260762938,3415212.65131,99748.4816225,0,0.177081838825
44,123456789,401640570,R1234ZEZ&R142B&R21&R245FA&RE245FA2,0.060000;0.380000;0.440000;0.100000;0.020000,4.61902520208,6312195.03417,108247.948025,0,inf
44,123456789,401640570,R1224YDZ&R1336MZZZ&R141B&R21&R365MFC,0.100000;0.060000;0.700000;0.120000;0.020000,4.98006144359,3544161.08488,100400.367679,0,0.106180681447
44,123456789,401640570,R123&R1336MZZZ&R141B&R21&R365MFC,0.100000;0.020000;0.620000;0.240000;0.020000,4.97873298884,3723622.38945,100427.157094,0,0.728821711862
44,123456789,401640570,R1224YDZ&R123&R141B&R245CA&R365MFC,0.140000;0.160000;0.580000;0.040000;0.080000,4.98224306834,3432243.64917,100356.404363,0,0.148984624957
44,123456789,401640570,R1336MZZZ&R141B&R245CA&R365MFC&RE245FA2,0.060000;0.640000;0.120000;0.060000;0.120000,5.0680054716,3275874.61007,98658.1413145,0,0.0962751739283
44,123456789,401640570,R1224YDZ&R1234ZEZ&R1336MZZZ&R21&RE245FA2,0.160000;0.120000;0.040000;0.660000;0.020000,4.93122414708,5524423.93566,101394.701414,0,0.112543226716
44,123456789,401640570,R1336MZZZ&R141B&R245CA&RE245FA2&RE347MCCHFE7000,0.100000;0.680000;0.120000;0.080000;0.020000,5.07902053723,3270901.62499,98444.1776391,0,0.161238711685
44,123456789,401640570,R1336MZZZ&R141B&R245CA&R365MFC&RE245FA2,0.040000;0.720000;0.100000;0.040000;0.100000,5.11740745699,3270859.00971,97705.723885,0,0.161233963585
45,123456789,1077917465,R123&R1234ZEZ&R141B&R21&R245CA,0.160000;0.040000;0.660000;0.020000;0.120000,5.01886410527,3465796.03963,99624.1359623,0,inf
45,123456789,1077917465,R123&R1233ZDE&R1336MZZZ&R141B&R21,0.160000;0.100000;0.100000;0.580000;0.060000,5.01644664457,3488676.93004,99672.1455299,0,0.0757183882242
45,123456789,1077917465,R1224YDZ&R1234ZEZ&R142B&R21&R245FA,0.060000;0.140000;0.240000;0.400000;0.160000,4.63154574257,6015035.83006,107955.31941,0,0.26452648742
45,123456789,1077917465,R1233ZDE&R1234ZEZ&R142B&R21&R245FA,0.060000;0.040000;0.460000;0.300000;0.140000,4.5024153726,6237718.32472,111051.504276,0,inf
45,123456789,1077917465,R123&R1233ZDE&R141B&R21&R245CA,0.180000;0.080000;0.560000;0.040000;0.140000,5.00531898479,3537585.24553,99893.7333503,0,0.0704612395984
45,123456789,1077917465,R123&R1233ZDE&R141B&R21&R245CA,0.160000;0.080000;0.580000;0.060000;0.120000,5.00368188232,3553799.82595,99926.4165388,0,0.944460269585
45,123456789,1077917465,R1224YDZ&R1233ZDE&R1234ZEZ&R142B&R21,0.080000;0.080000;0.100000;0.400000;0.340000,4.52753012087,6118440.01805,110435.488368,0,0.0610333312597
45,123456789,1077917465,R1224YDZ&R1233ZDE&R1234ZEZ&R142B&R21,0.100000;0.080000;0.140000;0.020000;0.660000,4.96610205755,5753716.57516,100682.586505,0,1.16488816731
45,123456789,1077917465,R1233ZDE&R1234ZEZ&R142B&R21&R245FA,0.080000;0.140000;0.200000;0.440000;0.140000,4.68738890481,5956522.77093,106669.194759,0,0.148229069711
45,123456789,1077917465,R1233ZDE&R1234ZEZ&R142B&R21&R245FA,0.060000;0.160000;0.040000;0.560000;0.180000,4.8622029194,5831508.36745,102834.046272,0,0.298990803214
45,123456789,1077917465,R1233ZDE&R1234ZEZ&R142B&R21&R245FA,0.080000;0.140000;0.220000;0.420000;0.140000,4.66339290231,5968546.03181,107218.072865,0,0.0828375381784
45,123456789,1077917465,R1224YDZ&R1233ZDE&R1234ZEZ&R142B&R21,0.060000;0.100000;0.160000;0.160000;0.520000,4.76480802677,5895420.12648,104936.022016,0,0.4075859448
45,123456789,1077917465,R1233ZDE&R1234ZEZ&R142B&R21&R245FA,0.100000;0.120000;0.220000;0.440000;0.120000,4.67936670801,5963811.0701,106852.065931,0,0.0988328824571
45,123456789,1077917465,R1233ZDE&R1234ZEZ&R142B&R21&R245FA,0.080000;0.060000;0.420000;0.320000;0.120000,4.52461897059,6180288.76301,110506.542816,0,0.145567667986
45,123456789,1077917465,R1233ZDE&R1234ZEZ&R142B&R21&R245FA,0.080000;0.080000;0.380000;0.320000;0.140000,4.53336484603,6109764.30772,110293.350962,0,0.129991414735
45,123456789,1077917465,R1233ZDE&R1234ZEZ&R142B&R21&R245FA,0.100000;0.120000;0.180000;0.460000;0.140000,4.7126008189,5914093.4703,106098.525891,0,0.150285050147
45,123456789,1077917465,R1233ZDE&R1234ZEZ&R142B&R21&R245FA,0.060000;0.180000;0.080000;0.540000;0.140000,4.82501725169,5886881.92757,103626.57249,0,0.395584868935
45,123456789,1077917465,R1233ZDE&R1234ZEZ&R142B&R21&R245FA,0.080000;0.140000;0.160000;0.460000;0.160000,4.72118484138,5906556.13397,105905.618356,0,0.209555251654
45,123456789,1077917465,R1233ZDE&R1234ZEZ&R142B&R21&R245FA,0.100000;0.140000;0.040000;0.600000;0.120000,4.897403291,5818149.29378,102094.920571,0,0.185209238807
45,123456789,1077917465,R1224YDZ&R1234ZEZ&R142B&R21&R245FA,0.100000;0.040000;0.260000;0.420000;0.180000,4.6403411373,6005329.77218,107750.698754,0,0.124782938344
45,123456789,1077917465,R1233ZDE&R1234ZEZ&R142B&R21&R245FA,0.080000;0.160000;0.020000;0.600000;0.140000,4.90957417075,5813058.81579,101841.826319,0,0.279858483953
45,123456789,1077917465,R1224YDZ&R1234ZEZ&R142B&R21&R245FA,0.100000;0.060000;0.240000;0.440000;0.160000,4.66197052303,6003343.31052,107250.785377,0,0.104514938432
45,123456789,1077917465,R1233ZDE&R1234ZEZ&R142B&R21&R245FA,0.080000;0.060000;0.360000;0.340000;0.160000,4.55701232336,6089662.83455,109721.011163,0,0.160300185356
45,123456789,1077917465,R1233ZDE&R1234ZEZ&R142B&R21&R245FA,0.080000;0.100000;0.320000;0.340000;0.160000,4.56592913197,6031014.11091,109506.736865,0,0.099667669046
45,123456789,1077917465,R1224YDZ&R1234ZEZ&R142B&R21&R245FA,0.100000;0.100000;0.300000;0.360000;0.140000,4.57580734124,6023589.83198,109270.334766,0,0.26858113532
46,123456789,1356244671,R1336MZZZ&R141B&R245CA&R365MFC&RE245FA2,0.060000;0.640000;0.180000;0.080000;0.040000,5.07181166786,3296547.23425,98584.1022387,0,0.0924687234988
46,123456789,1356244671,R1234ZEZ&R141B&R21&R365MFC&RE245FA2,0.060000;0.040000;0.780000;0.020000;0.100000,4.98716185922,5482646.35685,100257.423784,0,0.84875298977
46,123456789,1356244671,R123&R142B&R21&R245FA&RE245FA2,0.060000;0.200000;0.660000;0.040000;0.040000,4.81608131891,5971000.1944,103818.845009,0,0.522263488456
46,123456789,1356244671,R123&R1234ZEZ&R1336MZZZ&R21&RE245FA2,0.040000;0.100000;0.020000;0.740000;0.100000,4.98345175373,5528263.11797,100332.063941,0,0.180749435925
46,123456789,1356244671,R1234ZEZ&R142B&R21&R245FA&RE245FA2,0.100000;0.260000;0.460000;0.140000;0.040000,4.65690469531,6053397.19865,107367.453859,0,0.17501131983
46,123456789,1356244671,R1224YDZ&R1234ZEZ&R142B&R21&R245FA,0.100000;0.080000;0.220000;0.480000;0.120000,4.69957963498,6024171.72968,106392.494401,0,0.568641899335
46,123456789,1356244671,R123&R141B&R245CA&R365MFC&RE245FA2,0.140000;0.560000;0.160000;0.080000;0.060000,5.04370041536,3360165.37957,99133.5644118,0,0.0991319839814
46,123456789,1356244671,R1234ZEZ&R142B&R21&R245CA&R245FA,0.100000;0.440000;0.280000;0.040000;0.140000,4.48157688642,6197339.72647,111567.872798,0,inf
46,123456789,1356244671,R123&R1336MZZZ&R141B&R365MFC&RE245FA2,0.400000;0.080000;0.420000;0.060000;0.040000,5.04597461562,3355523.39743,99088.885317,0,0.0312294991075
46,123456789,1356244671,R1234ZEZ&R142B&R21&R245CA&R245FA,0.100000;0.380000;0.320000;0.060000;0.140000,4.52924675267,6114187.90969,110393.632165,0,0.611967720662
46,123456789,1356244671,R1234ZEZ&R142B&R21&R245CA&R245FA,0.060000;0.040000;0.600000;0.120000;0.180000,4.88602728136,5766316.07232,102332.625507,0,0.425255580584
46,123456789,1356244671,R1234ZEZ&R142B&R21&R245CA&R245FA,0.100000;0.420000;0.280000;0.060000;0.140000,4.48496218691,6125896.68659,111483.660098,0,0.198954132935
46,123456789,1356244671,R1224YDZ&R1234ZEZ&R142B&R21&RE347MCCHFE7000,0.100000;0.020000;0.040000;0.800000;0.040000,4.95144945693,5672025.78396,100980.531933,0,0.16604240414
46,123456789,1356244671,R1233ZDE&R1234ZEZ&R142B&R21&R245FA,0.100000;0.080000;0.120000;0.600000;0.100000,4.8462457356,5942038.87432,103172.646886,0,0.302208554132
46,123456789,1356244671,R1234ZEZ&R142B&R21&R245CA&R245FA,0.100000;0.280000;0.440000;0.060000;0.120000,4.65656183349,6103161.12179,107375.359306,0,0.468041987717
46,123456789,1356244671,R123&R1336MZZZ&R141B&R245CA&R245FA,0.540000;0.020000;0.380000;0.020000;0.040000,5.0281128312,3477779.53273,99440.8870258,0,0.911368209609
46,123456789,1356244671,R123&R1336MZZZ&R141B&R365MFC&RE245FA2,0.200000;0.080000;0.580000;0.080000;0.060000,5.0749332439,3289535.99405,98523.4634566,0,inf
46,123456789,1356244671,R123&R1336MZZZ&R141B&R245CA&RE245FA2,0.160000;0.080000;0.580000;0.100000;0.080000,5.0529825359,3355438.01195,98951.4601422,0,0.102523207853
46,123456789,1356244671,R1224YDZ&R1234ZEZ&R21&R245CA&R245FA,0.160000;0.100000;0.640000;0.040000;0.060000,4.95022585327,5698137.11475,101005.49244,0,0.24633755774
47,123456781,683275571,R1224YDZ&R123&R1234ZEZ&R21&R245CA,0.020000;0.080000;0.180000;0.560000;0.160000,4.9136587426,5441201.177,101757.168373,0,0.271681495146
47,123456781,683275571,R1224YDZ&R123&R1233ZDE&R141B&R245CA,0.040000;0.100000;0.140000;0.620000;0.100000,5.00835591882,3495440.6161,99833.1604432,0,0.0887737964527
47,123456781,683275571,R1224YDZ&R1234ZEZ&R21&R245CA&RE347MCCHFE7000,0.060000;0.200000;0.580000;0.140000;0.020000,4.88234362042,5491632.52004,102409.834062,0,0.297895321386
47,123456781,683275571,R1224YDZ&R1234ZEZ&R21&R245CA&R245FA,0.100000;0.180000;0.480000;0.120000;0.120000,4.83120903463,5519872.62772,103493.762414,0,0.413079007828
47,123456781,683275571,R1224YDZ&R123&R1233ZDE&R141B&R245CA,0.060000;0.100000;0.120000;0.600000;0.120000,4.9853816515,3511232.09047,100293.224261,0,0.0622585694134
47,123456781,683275571,R1224YDZ&R142B&R21&R245FA&RE245FA2,0.080000;0.160000;0.600000;0.120000;0.040000,4.80219351621,5927644.64411,104119.086062,0,0.453317460752
47,123456781,683275571,R1224YDZ&R123&R1233ZDE&R141B&R365MFC,0.040000;0.100000;0.100000;0.680000;0.080000,5.06685405328,3377650.17258,98680.5609046,0,0.0243928092113
47,123456781,683275571,R1224YDZ&R123&R1233ZDE&R141B&R365MFC,0.020000;0.100000;0.100000;0.720000;0.060000,5.10251051071,3363007.0934,97990.9789407,0,0.126442750087
47,123456781,683275571,R1224YDZ&R1234ZEZ&R142B&R21&R245FA,0.080000;0.140000;0.160000;0.500000;0.120000,4.74200074037,5976044.94596,105440.72584,0,0.483574191226
47,123456781,683275571,R1224YDZ&R123&R1233ZDE&R141B&R365MFC,0.040000;0.140000;0.080000;0.660000;0.080000,5.07045598317,3374563.43915,98610.4606094,0,0.117537841637
47,123456781,683275571,R1224YDZ&R1233ZDE&R141B&R21&R245CA,0.040000;0.140000;0.660000;0.080000;0.080000,4.97163204342,3592857.83268,100570.596463,0,0.610989147073
47,123456781,683275571,R1224YDZ&R123&R1233ZDE&R141B&R365MFC,0.020000;0.140000;0.120000;0.640000;0.080000,5.06442007498,3390126.0199,98727.9871332,0,0.0405800780135
47,123456781,683275571,R1224YDZ&R1234ZEZ&R142B&R21&R245FA,0.060000;0.160000;0.220000;0.440000;0.120000,4.67059919948,6040450.61009,107052.64542,0,0.600836891285
47,123456781,683275571,R1224YDZ&R123&R1233ZDE&R141B&R245CA,0.040000;0.100000;0.120000;0.640000;0.100000,5.02399261375,3475289.85792,99522.4393108,0,0.0828857022783
47,123456781,683275571,R1224YDZ&R123&R1233ZDE&R141B&R245CA,0.040000;0.100000;0.100000;0.600000;0.160000,4.99839863826,3495483.09616,100032.037496,0,0.0790976542242
47,123456781,683275571,R1224YDZ&R123&R141B&R21&R365MFC,0.040000;0.100000;0.600000;0.160000;0.100000,4.97496283805,3581145.53132,100503.263296,0,0.0568624221653
47,123456781,683275571,R1233ZDE&R142B&R21&R245FA&R365MFC,0.020000;0.500000;0.400000;0.040000;0.040000,4.50634214868,6272402.99472,110954.735238,0,inf
47,123456781,683275571,R1224YDZ&R123&R21&R245CA&R365MFC,0.040000;0.120000;0.700000;0.100000;0.040000,4.96384473568,5277798.56832,100728.372184,0,0.662486011153
47,123456781,683275571,R1224YDZ&R123&R1233ZDE&R141B&R365MFC,0.040000;0.120000;0.120000;0.660000;0.060000,5.05724224374,3407463.71614,98868.1134701,0,0.0810438748659
47,123456781,683275571,R1224YDZ&R123&R1233ZDE&R141B&R365MFC,0.040000;0.120000;0.140000;0.640000;0.060000,5.0426607086,3425367.44981,99154.0039859,0,0.102786124352
47,123456781,683275571,R1224YDZ&R1233ZDE&R142B&R21&R245FA,0.080000;0.040000;0.460000;0.360000;0.060000,4.54305597477,6260431.91756,110058.076056,0,0.159664904365
47,123456781,683275571,R1224YDZ&R1233ZDE&R142B&R21&R245FA,0.100000;0.040000;0.440000;0.360000;0.060000,4.54443176957,6199984.57695,110024.756747,0,0.0930871868034
47,123456781,683275571,R1224YDZ&R123&R1233ZDE&R21&R245FA,0.060000;0.140000;0.060000;0.660000;0.080000,4.95768597988,5414388.82087,100853.503435,0,0.218310132231
47,123456781,683275571,R1234ZEZ&R141B&R21&R245CA&R365MFC,0.020000;0.800000;0.020000;0.080000;0.080000,5.10491034232,3322274.93067,97944.913127,0,inf
47,123456781,683275571,R1224YDZ&R123&R1233ZDE&R141B&R245CA,0.040000;0.140000;0.120000;0.560000;0.140000,4.98200327086,3523697.65498,100361.234792,0,0.057249319834
47,123456781,683275571,R123&R1234ZEZ&R141B&R21&R365MFC,0.580000;0.020000;0.340000;0.020000;0.040000,5.03203431263,3474144.84662,99363.3924047,0,0.0764298140228
47,123456781,683275571,R1233ZDE&R1234ZEZ&R142B&R21&R245FA,0.080000;0.080000;0.360000;0.380000;0.100000,4.58553329252,6161565.51227,109038.571548,0,0.425572466785
47,123456781,683275571,R1233ZDE&R1234ZEZ&R142B&R21&R245FA,0.080000;0.100000;0.380000;0.360000;0.080000,4.56208102204,6183657.29287,109599.105668,0,0.157492373423
48,123456781,3504132762,R1233ZDE&R142B&R21&R245FA&RE245FA2,0.060000;0.020000;0.660000;0.220000;0.040000,4.92363411085,5754253.42311,101551.006582,0,0.467445970997
48,123456781,3504132762,R1233ZDE&R1234ZEZ&R142B&R21&RE245FA2,0.080000;0.220000;0.060000;0.600000;0.040000,4.88112336769,5784273.81281,102435.43593,0,0.296740224762
48,123456781,3504132762,R1233ZDE&R1234ZEZ&R142B&R21&R245FA,0.140000;0.100000;0.120000;0.580000;0.060000,4.83535401648,5872291.80035,103405.045069,0,0.183263487859
48,123456781,3504132762,R1233ZDE&R1234ZEZ&R142B&R21&R245FA,0.120000;0.120000;0.060000;0.560000;0.140000,4.85427137798,5785677.47745,103002.069944,0,0.191631900074
48,123456781,3504132762,R123&R1234ZEZ&R21&R245CA&R245FA,0.080000;0.020000;0.780000;0.060000;0.060000,5.04268693448,5723769.03221,99153.4883082,0,1.15769408352
48,123456781,3504132762,R1234ZEZ&R142B&R21&R245CA&R245FA,0.040000;0.220000;0.620000;0.040000;0.080000,4.81430616628,6217370.60048,103857.125561,0,0.983751610489
48,123456781,3504132762,R123&R1234ZEZ&R142B&R21&R245CA,0.080000;0.040000;0.160000;0.640000;0.080000,4.84091415044,5853272.73909,103286.277026,0,0.110331212836
48,123456781,3504132762,R123&R1234ZEZ&R1336MZZZ&R141B&RE245FA2,0.140000;0.180000;0.140000;0.320000;0.220000,5.07732868244,3520045.16264,98476.9809623,0,inf
48,123456781,3504132762,R1234ZEZ&R142B&R21&R245CA&R245FA,0.040000;0.200000;0.620000;0.060000;0.080000,4.82319943208,6151256.95119,103665.628395,0,0.214577231664
48,123456781,3504132762,R1234ZEZ&R142B&R21&R245CA&R245FA,0.080000;0.380000;0.400000;0.060000;0.080000,4.59660839581,6239403.75675,108775.853182,0,inf
48,123456781,3504132762,R1234ZEZ&R142B&R21&R245CA&R245FA,0.120000;0.360000;0.400000;0.060000;0.060000,4.59866440565,6219786.5784,108727.220753,0,0.938558465727
48,123456781,3504132762,R1224YDZ&R1234ZEZ&R21&R245CA&R245FA,0.100000;0.040000;0.700000;0.080000;0.080000,4.99303093365,5752372.76934,100139.57587,0,0.491659479383
49,123456781,481787776,R1234ZEZ&R142B&R21&R245CA&R365MFC,0.060000;0.040000;0.840000;0.020000;0.040000,5.00449672172,5864655.41498,99910.146375,0,1.06727715962
49,123456781,481787776,R123&R1336MZZZ&R141B&R245CA&R365MFC,0.160000;0.160000;0.540000;0.080000;0.060000,5.03278807978,3312828.16889,99348.5106216,0,0.0392559399129
49,123456781,481787776,R1233ZDE&R141B&R245CA&R365MFC&RE347MCCHFE7000,0.040000;0.660000;0.140000;0.100000;0.060000,5.048519009,3258546.02957,99038.9457004,0,inf
49,123456781,481787776,R1233ZDE&R141B&R245CA&R365MFC&RE347MCCHFE7000,0.100000;0.660000;0.100000;0.100000;0.040000,5.0359118946,3310697.10273,99286.8839775,0,0.0576826697614
49,123456781,481787776,R123&R1233ZDE&R141B&R245CA&R365MFC,0.160000;0.060000;0.540000;0.140000;0.100000,5.02326974415,3401282.05895,99536.7610075,0,0.822627453335
49,123456781,481787776,R1224YDZ&R1234ZEZ&R142B&R21&R245CA,0.040000;0.080000;0.420000;0.380000;0.080000,4.56420342603,6229162.53587,109548.140898,0,0.141516175792
49,123456781,481787776,R1224YDZ&R1234ZEZ&R142B&R21&R245CA,0.080000;0.120000;0.300000;0.460000;0.040000,4.65529586356,6134803.57473,107404.559163,0,0.167464650028
49,123456781,481787776,R1224YDZ&R1233ZDE&R1234ZEZ&R142B&R21,0.080000;0.080000;0.060000;0.280000;0.500000,4.69260754237,6063256.834,106550.568204,0,0.272841690322
49,123456781,481787776,R1234ZEZ&R142B&R21&R245CA&R245FA,0.080000;0.080000;0.680000;0.040000;0.120000,4.92308214689,6029390.81879,101562.392233,0,0.680535973708
49,123456781,481787776,R1224YDZ&R1234ZEZ&R142B&R21&R245FA,0.060000;0.100000;0.260000;0.460000;0.120000,4.6725942387,6121759.21615,107006.937572,0,0.0800471014842
49,123456781,481787776,R1233ZDE&R141B&R245CA&R365MFC&RE245FA2,0.060000;0.600000;0.140000;0.100000;0.100000,5.0234962337,3332780.23101,99532.2732893,0,0.0519318681309
49,123456781,481787776,R1224YDZ&R1234ZEZ&R142B&R21&R245FA,0.040000;0.100000;0.340000;0.400000;0.120000,4.60277324368,6216428.54897,108630.161324,0,0.173708681277
49,123456781,481787776,R1234ZEZ&R142B&R21&R245CA&R245FA,0.100000;0.260000;0.460000;0.060000;0.120000,4.67908218512,6091921.44662,106858.563329,0,0.0740075205007
49,123456781,481787776,R1234ZEZ&R142B&R21&R245FA&RE245FA2,0.160000;0.500000;0.280000;0.020000;0.040000,4.43784004075,6309040.93255,112667.422757,0,0.299799102226
49,123456781,481787776,R1234ZEZ&R142B&R21&R245CA&R245FA,0.100000;0.180000;0.540000;0.060000;0.120000,4.77168197523,6041606.17103,104784.854187,0,0.640556346947
49,123456781,481787776,R1224YDZ&R1234ZEZ&R142B&R21&R245FA,0.060000;0.020000;0.720000;0.160000;0.040000,4.33626942249,6535106.61769,115306.488432,0,inf
49,123456781,481787776,R1233ZDE&R1234ZEZ&R142B&R21&R245FA,0.120000;0.040000;0.360000;0.420000;0.060000,4.61582293906,6144215.71047,108323.04588,0,0.173993997876
49,123456781,481787776,R1224YDZ&R1234ZEZ&R142B&R21&R245FA,0.080000;0.040000;0.640000;0.180000;0.060000,4.35618584785,6395830.19018,114779.308658,0,0.226910320068
49,123456781,481787776,R1224YDZ&R1234ZEZ&R142B&R21&R245FA,0.100000;0.040000;0.460000;0.320000;0.080000,4.50511994287,6249967.07736,110984.83644,0,0.213614134933
49,123456781,481787776,R1224YDZ&R1234ZEZ&R142B&R21&R245FA,0.100000;0.040000;0.480000;0.300000;0.080000,4.48443953934,6258303.832,111496.653174,0,0.215922472027
49,123456781,481787776,R1224YDZ&R1234ZEZ&R142B&R21&R245FA,0.080000;0.080000;0.580000;0.220000;0.040000,4.39539983587,6376075.79259,113755.293869,0,0.270952642315
49,123456781,481787776,R1234ZEZ&R142B&R21&R245CA&R245FA,0.060000;0.420000;0.360000;0.060000;0.100000,4.55658893165,6245884.02394,109731.206282,0,0.177619538415
50,123456781,1546979217,R1224YDZ&R1233ZDE&R1234ZEZ&R142B&R21,0.080000;0.020000;0.200000;0.380000;0.320000,4.51118936221,6172361.21544,110835.515837,0,0.617490117796
50,123456781,1546979217,R1233ZDE&R1234ZEZ&R142B&R21&R245FA,0.080000;0.080000;0.140000;0.560000;0.140000,4.80521860337,5965254.59594,104053.538719,0,0.867595024452
50,123456781,1546979217,R1224YDZ&R1234ZEZ&R142B&R21&R245FA,0.040000;0.120000;0.220000;0.460000;0.160000,4.68887165884,6068280.58491,106635.462939,0,0.60554414189
50,123456781,1546979217,R123&R142B&R21&R245CA&R245FA,0.020000;0.020000;0.780000;0.040000;0.140000,5.02282927256,5940711.85993,99545.4897763,0,1.15528720557
50,123456781,1546979217,R1224YDZ&R1233ZDE&R1234ZEZ&R142B&R21,0.080000;0.040000;0.080000;0.580000;0.220000,4.39251044739,6335198.58597,113830.121974,0,inf
50,123456781,1546979217,R123&R1234ZEZ&R142B&R21&R245CA,0.040000;0.140000;0.200000;0.560000;0.060000,4.7677124093,6013451.73557,104872.097366,0,0.506244947804
50,123456781,1546979217,R123&R1233ZDE&R142B&R21&R245CA,0.040000;0.120000;0.020000;0.740000;0.080000,5.03535602982,5637139.98931,99297.8444898,0,inf
50,123456781,1546979217,R1234ZEZ&R142B&R21&R245CA&R245FA,0.200000;0.460000;0.260000;0.020000;0.060000,4.45161110988,6302945.77077,112318.885828,0,0.623952595668
50,123456781,1546979217,R1234ZEZ&R142B&R21&R245FA&RE245FA2,0.160000;0.340000;0.400000;0.060000;0.040000,4.57879231473,6159865.13756,109199.100032,0,0.431500557231
50,123456781,1546979217,R1234ZEZ&R142B&R21&R245FA&RE245FA2,0.140000;0.300000;0.440000;0.080000;0.040000,4.62492770431,6125585.67116,108109.798026,0,0.478846425285
51,123456781,2268958878,R1224YDZ&R21&R245FA&R365MFC&RE245FA2,0.020000;0.900000;0.020000;0.020000;0.040000,5.09715581966,5834161.43962,98093.9209414,0,1.03554446604
51,123456781,2268958878,R1224YDZ&R1234ZEZ&R21&R245FA&RE245FA2,0.040000;0.120000;0.760000;0.040000;0.040000,5.027345251,5860101.14144,99456.0697617,0,0.566742394114
51,123456781,2268958878,R1224YDZ&R1234ZEZ&R142B&R21&R245FA,0.060000;0.120000;0.120000;0.640000;0.060000,4.86868093512,6063160.99759,102697.220595,0,0.217853313665
51,123456781,2268958878,R1224YDZ&R142B&R21&R245FA&RE245FA2,0.040000;0.140000;0.740000;0.020000;0.060000,4.90990680358,5998324.39359,101834.926813,0,0.482050496967
51,123456781,2268958878,R1224YDZ&R142B&R21&R245FA&RE245FA2,0.040000;0.160000;0.700000;0.040000;0.060000,4.86990208279,6001133.13094,102671.468851,0,0.13675140874
51,123456781,2268958878,R1224YDZ&R123&R141B&R365MFC&RE245FA2,0.040000;0.160000;0.680000;0.040000;0.080000,5.10105463077,3326268.16575,98018.9463143,0,inf
51,123456781,2268958878,R1224YDZ&R1234ZEZ&R142B&R21&RE245FA2,0.040000;0.180000;0.240000;0.520000;0.020000,4.7136720176,6148473.45518,106074.414625,0,0.249306575071
51,123456781,2268958878,R1224YDZ&R123&R141B&R142B&R21,0.020000;0.060000;0.020000;0.640000;0.260000,4.40755823292,6356898.42073,113441.49608,0,inf
51,123456781,2268958878,R1224YDZ&R1234ZEZ&R142B&R21&R245FA,0.060000;0.120000;0.180000;0.600000;0.040000,4.80859319691,6136205.52335,103980.515616,0,0.427097698096
51,123456781,2268958878,R1224YDZ&R1234ZEZ&R142B&R21&R245FA,0.040000;0.140000;0.420000;0.340000;0.060000,4.5298284067,6316055.95802,110379.457036,0,0.595526682765
51,123456781,2268958878,R1224YDZ&R1234ZEZ&R142B&R21&R245FA,0.020000;0.240000;0.200000;0.500000;0.040000,4.72828275064,6144755.8559,105746.637071,0,0.2766900024
51,123456781,2268958878,R1233ZDE&R142B&R21&R245FA&RE245FA2,0.040000;0.380000;0.500000;0.040000;0.040000,4.65448827072,6248370.22935,107423.194757,0,0.392335038162
51,123456781,2268958878,R1224YDZ&R123&R142B&R21&R245FA,0.080000;0.020000;0.420000;0.420000;0.060000,4.5929870443,6262390.33522,108861.617762,0,0.393773888241
52,123456781,1799477615,R123&R1233ZDE&R1234ZEZ&R21&RE347MCCHFE7000,0.060000;0.040000;0.020000;0.860000;0.020000,5.0680300425,5680530.65793,98657.6629986,0,inf
52,123456781,1799477615,R1224YDZ&R1233ZDE&R1234ZEZ&R141B&R21,0.120000;0.060000;0.040000;0.020000;0.760000,5.04482965067,5695858.53947,99111.3743422,0,0.384813399569
52,123456781,1799477615,R1233ZDE&R1234ZEZ&R142B&R21&R245FA,0.060000;0.060000;0.160000;0.580000;0.140000,4.80940788405,6042009.08996,103962.90189,0,0.187124432326
52,123456781,1799477615,R123&R1233ZDE&R1234ZEZ&R142B&R21,0.060000;0.040000;0.040000;0.400000;0.460000,4.6109465526,6211980.68907,108437.604795,0,0.625242887824
52,123456781,1799477615,R1233ZDE&R1234ZEZ&R142B&R21&R245FA,0.040000;0.060000;0.200000;0.560000;0.140000,4.77723060128,6120488.24733,104663.149371,0,0.35937828543
52,123456781,1799477615,R1233ZDE&R1234ZEZ&R142B&R21&R245FA,0.020000;0.060000;0.240000;0.540000;0.140000,4.74741153197,6199555.46813,105320.551343,0,0.429608583265
52,123456781,1799477615,R1233ZDE&R1234ZEZ&R142B&R21&R245CA,0.060000;0.040000;0.140000;0.640000;0.120000,4.87628826363,5900003.8316,102537.006216,0,0.326645429273
52,123456781,1799477615,R1233ZDE&R1234ZEZ&R142B&R21&R245FA,0.060000;0.040000;0.300000;0.500000;0.100000,4.69725632763,6208118.79038,106445.117133,0,0.510344903851
52,123456781,1799477615,R1233ZDE&R1234ZEZ&R142B&R21&R245CA,0.100000;0.080000;0.120000;0.640000;0.060000,4.88583514307,5899175.96428,102336.649796,0,0.120833025557
52,123456781,1799477615,R1224YDZ&R1234ZEZ&R142B&R21&RE347MCCHFE7000,0.040000;0.100000;0.460000;0.380000;0.020000,4.49898295701,6279649.95409,111136.228961,0,inf
52,123456781,1799477615,R1233ZDE&R1234ZEZ&R142B&R21&R245FA,0.060000;0.080000;0.160000;0.580000;0.120000,4.80938039638,6048382.34746,103963.496083,0,0.121331181523
52,123456781,1799477615,R123&R1233ZDE&R1234ZEZ&R142B&R21,0.080000;0.060000;0.080000;0.080000;0.700000,4.92967731465,5786761.10884,101426.517008,0,0.508512833383
52,123456781,1799477615,R123&R1233ZDE&R1234ZEZ&R21&R245FA,0.060000;0.060000;0.040000;0.680000;0.160000,4.96396252931,5702208.80138,100725.981924,0,0.539616481685
52,123456781,1799477615,R1233ZDE&R1234ZEZ&R142B&R21&R245CA,0.040000;0.040000;0.180000;0.640000;0.100000,4.85150808646,6023969.62709,103060.737216,0,0.468821418427
52,123456781,1799477615,R1224YDZ&R1234ZEZ&R142B&R21&R245FA,0.060000;0.100000;0.400000;0.340000;0.100000,4.53559995649,6230363.13086,110238.999205,0,0.525964952259
52,123456781,1799477615,R1233ZDE&R1234ZEZ&R142B&R21&R245FA,0.120000;0.060000;0.080000;0.640000;0.100000,4.8997264031,5875836.63911,102046.514206,0,0.337614088449
52,123456781,1799477615,R123&R1233ZDE&R142B&R21&R245FA,0.040000;0.040000;0.220000;0.600000;0.100000,4.78712050743,6067997.06462,104446.921531,0,0.232919164574
53,123456781,2857792107,R1224YDZ&R1233ZDE&R141B&R21&RE245FA2,0.060000;0.080000;0.040000;0.760000;0.060000,5.02815892582,5500170.63989,99439.9754217,0,0.978123011294
53,123456781,2857792107,R123&R1336MZZZ&R141B&R21&R365MFC,0.440000;0.080000;0.400000;0.040000;0.040000,5.03422330111,3436349.60256,99320.1870664,0,inf
53,123456781,2857792107,R1224YDZ&R1234ZEZ&R142B&R21&R245FA,0.100000;0.080000;0.060000;0.740000;0.020000,4.97887869597,5980260.52876,100424.218088,0,0.305354961314
53,123456781,2857792107,R1224YDZ&R1234ZEZ&R142B&R21&R245FA,0.040000;0.140000;0.160000;0.540000;0.120000,4.77540328186,6060713.71725,104703.198974,0,0.253032905104
53,123456781,2857792107,R1234ZEZ&R142B&R21&R245CA&R245FA,0.100000;0.480000;0.300000;0.060000;0.060000,4.48950282874,6298005.92603,111370.906551,0,inf
53,123456781,2857792107,R1224YDZ&R1234ZEZ&R21&R245CA&R245FA,0.120000;0.100000;0.680000;0.060000;0.040000,4.98533954324,5747327.57123,100294.071379,0,0.248391386089
53,123456781,2857792107,R1224YDZ&R1234ZEZ&R142B&R21&R245CA,0.100000;0.100000;0.240000;0.540000;0.020000,4.73641210599,6108117.88115,105565.138508,0,0.127614532313
53,123456781,2857792107,R1224YDZ&R1234ZEZ&R21&R245CA&R245FA,0.120000;0.120000;0.680000;0.040000;0.040000,4.98441450961,5773932.56529,100312.684476,0,0.104058710655
53,123456781,2857792107,R1234ZEZ&R142B&R21&R245CA&R245FA,0.120000;0.360000;0.380000;0.080000;0.060000,4.58150362441,6158497.53297,109134.47658,0,0.639019640445
53,123456781,2857792107,R1234ZEZ&R142B&R21&R245CA&R245FA,0.120000;0.240000;0.500000;0.040000;0.100000,4.71639956566,6143771.95082,106013.070572,0,0.598179614225
53,123456781,2857792107,R1224YDZ&R1234ZEZ&R142B&R21&R245CA,0.080000;0.100000;0.180000;0.600000;0.040000,4.81170084277,6053762.82491,103913.359608,0,0.349193430987
53,123456781,2857792107,R1224YDZ&R1234ZEZ&R142B&R21&R245CA,0.100000;0.120000;0.220000;0.540000;0.020000,4.74471016763,6077522.61626,105380.514791,0,0.159671425128
53,123456781,2857792107,R1224YDZ&R1234ZEZ&R142B&R21&R245FA,0.100000;0.100000;0.380000;0.360000;0.060000,4.55049862229,6183063.79005,109878.068647,0,0.403231117349
53,123456781,2857792107,R1224YDZ&R1234ZEZ&R142B&R21&R245FA,0.100000;0.100000;0.120000;0.640000;0.040000,4.86711474964,6011750.27809,102730.267462,0,0.408292962795
53,123456781,2857792107,R1224YDZ&R1234ZEZ&R142B&R21&R245FA,0.080000;0.100000;0.080000;0.680000;0.060000,4.9201454523,5998959.47162,101623.011931,0,0.407542690361
54,123456781,1358415299,R123&R141B&R245CA&R365MFC&RE245FA2,0.180000;0.600000;0.020000;0.100000;0.100000,5.08641125544,3293844.65844,98301.1351009,0,inf
54,123456781,1358415299,R1224YDZ&R1233ZDE&R1336MZZZ&R142B&R21,0.020000;0.200000;0.020000;0.120000;0.640000,4.8707083113,5687774.07281,102654.474061,0,0.333211403777
54,123456781,1358415299,R123&R1233ZDE&R141B&R365MFC&RE245FA2,0.240000;0.220000;0.500000;0.020000;0.020000,5.01266132704,3516648.16436,99747.4130764,0,0.280602384994
54,123456781,1358415299,R123&R1233ZDE&R141B&R21&R245CA,0.200000;0.140000;0.500000;0.120000;0.040000,4.95972961479,3699260.51083,100811.947189,0,0.630160185326
54,123456781,1358415299,R123&R1233ZDE&R1234ZEZ&R21&R245FA,0.120000;0.020000;0.020000;0.580000;0.260000,4.87397788597,5520988.30211,102585.611116,0,0.259275416742
54,123456781,1358415299,R123&R141B&R21&R245CA&RE245FA2,0.200000;0.520000;0.100000;0.060000;0.120000,4.97167046703,3551362.67115,100569.819202,0,0.204736995225
54,123456781,1358415299,R1224YDZ&R1233ZDE&R1234ZEZ&R21&R245CA,0.100000;0.080000;0.080000;0.580000;0.160000,4.93822324318,5468496.81449,101250.991577,0,0.317216564148
54,123456781,1358415299,R1224YDZ&R1234ZEZ&R142B&R21&R245CA,0.040000;0.260000;0.180000;0.480000;0.040000,4.72352601674,6012378.41904,105853.12714,0,0.377368698592
54,123456781,1358415299,R1224YDZ&R1233ZDE&R1234ZEZ&R142B&R21,0.060000;0.100000;0.100000;0.340000;0.400000,4.59473055377,6074612.19273,108820.309298,0,0.230041888321
54,123456781,1358415299,R1233ZDE&R1234ZEZ&R142B&R21&R245FA,0.080000;0.080000;0.260000;0.420000;0.160000,4.65000712655,6020432.63547,107526.716926,0,0.389282052327
54,123456781,1358415299,R1224YDZ&R123&R141B&R21&R365MFC,0.020000;0.080000;0.760000;0.120000;0.020000,5.07000466933,3494782.84337,98619.2385629,0,0.271970813468
54,123456781,1358415299,R1233ZDE&R1234ZEZ&R142B&R21&R245FA,0.040000;0.380000;0.060000;0.460000;0.060000,4.79111372223,5823981.94772,104359.868913,0,0.354777232495
54,123456781,1358415299,R1233ZDE&R1234ZEZ&R142B&R21&R245FA,0.100000;0.080000;0.540000;0.180000;0.100000,4.37683225602,6176732.12219,114237.871308,0,inf
54,123456781,1358415299,R141B&R21&R245CA&R365MFC&RE245FA2,0.080000;0.740000;0.080000;0.020000;0.080000,4.95735864805,5257375.40661,100860.16274,0,0.671560707083
54,123456781,1358415299,R1224YDZ&R1234ZEZ&R142B&R21&R245FA,0.100000;0.080000;0.420000;0.300000;0.100000,4.49353396055,6159035.38508,111270.996145,0,0.630268248075
54,123456781,1358415299,R1224YDZ&R1336MZZZ&R141B&R142B&R21,0.020000;0.040000;0.040000;0.220000;0.680000,4.77176319479,5923507.28186,104783.070657,0,0.254299477435
54,123456781,1358415299,R1233ZDE&R1234ZEZ&R142B&R21&R245CA,0.080000;0.080000;0.380000;0.380000;0.080000,4.57874461328,6091358.42803,109200.23767,0,0.325675182164
55,123456781,261176942,R123&R1336MZZZ&R141B&R245CA&RE245FA2,0.160000;0.120000;0.600000;0.100000;0.020000,5.06685911763,3346997.0528,98680.462273,0,inf
55,123456781,261176942,R1224YDZ&R1233ZDE&R1234ZEZ&R141B&R21,0.020000;0.080000;0.060000;0.120000;0.720000,4.98288410468,5394227.38195,100343.493747,0,0.81450620509
55,123456781,261176942,R1224YDZ&R1234ZEZ&R142B&R21&R245FA,0.040000;0.060000;0.200000;0.580000;0.120000,4.7878979141,6155217.41539,104429.962579,0,0.219423818004
55,123456781,261176942,R1224YDZ&R1233ZDE&R1234ZEZ&R142B&R21,0.040000;0.160000;0.100000;0.080000;0.620000,4.89685919408,5765371.21655,102106.264482,0,0.314541029585
55,123456781,261176942,R1233ZDE&R142B&R21&R245CA&R245FA,0.080000;0.580000;0.260000;0.020000;0.060000,4.45088054047,6347058.279,112337.321897,0,0.546550550796
55,123456781,261176942,R1224YDZ&R1234ZEZ&R142B&R21&R245FA,0.040000;0.080000;0.220000;0.540000;0.120000,4.7502820561,6155262.13131,105256.907715,0,0.410204956904
55,123456781,261176942,R1224YDZ&R123&R1233ZDE&R141B&R245CA,0.060000;0.220000;0.060000;0.560000;0.100000,5.00757386805,3493702.83262,99848.7517459,0,0.670158408005
55,123456781,261176942,R1233ZDE&R1234ZEZ&R142B&R21&R245FA,0.160000;0.060000;0.120000;0.520000;0.140000,4.79076331996,5782526.62351,104367.501921,0,0.394124012161
55,123456781,261176942,R1224YDZ&R1234ZEZ&R21&R245FA&RE245FA2,0.060000;0.120000;0.620000;0.160000;0.040000,4.90992402708,5725806.08319,101834.569587,0,0.108262099503
55,123456781,261176942,R1234ZEZ&R142B&R21&R245CA&R245FA,0.100000;0.320000;0.420000;0.060000;0.100000,4.6279294785,6155410.46105,108039.675696,0,0.329453555793
55,123456781,261176942,R1224YDZ&R1233ZDE&R1234ZEZ&R21&R245CA,0.120000;0.060000;0.160000;0.580000;0.080000,4.93043425234,5578957.14608,101410.945651,0,0.0605331610736
55,123456781,261176942,R1224YDZ&R1234ZEZ&R21&R245CA&RE245FA2,0.100000;0.140000;0.620000;0.100000;0.040000,4.94104195982,5573437.88224,101193.230915,0,0.185921736684
55,123456781,261176942,R1224YDZ&R1233ZDE&R21&R245FA&RE245FA2,0.080000;0.060000;0.640000;0.180000;0.040000,4.92436431179,5636094.2415,101535.948265,0,0.0964706027513
55,123456781,261176942,R1234ZEZ&R142B&R21&R245CA&R245FA,0.100000;0.440000;0.340000;0.040000;0.080000,4.53314163894,6310615.83847,110298.781689,0,0.441798247837
55,123456781,261176942,R1233ZDE&R1234ZEZ&R142B&R21&R245CA,0.040000;0.080000;0.740000;0.120000;0.020000,4.2938693816,6533098.10509,116445.088466,0,inf
55,123456781,261176942,R123&R1336MZZZ&R141B&R245CA&RE245FA2,0.180000;0.100000;0.560000;0.120000;0.040000,5.04607334914,3370903.29658,99086.9465038,0,0.0881132450008
55,123456781,261176942,R1233ZDE&R1234ZEZ&R142B&R21&R245CA,0.060000;0.100000;0.680000;0.120000;0.040000,4.29442834669,6362435.47692,116429.931911,0,0.117373132203
55,123456781,261176942,R1224YDZ&R1234ZEZ&R142B&R21&R245FA,0.040000;0.160000;0.300000;0.420000;0.080000,4.62693353889,6193255.10769,108062.931053,0,0.0893188823132
55,123456781,261176942,R123&R1233ZDE&R141B&R245CA&RE245FA2,0.200000;0.060000;0.560000;0.040000;0.140000,5.03741339118,3402911.18015,99257.289639,0,0.117368305076
55,123456781,261176942,R1233ZDE&R1234ZEZ&R142B&R21&R245CA,0.060000;0.100000;0.640000;0.160000;0.040000,4.33800362836,6357794.15298,115260.392299,0,0.375372780046
55,123456781,261176942,R123&R1233ZDE&R141B&R245CA&RE245FA2,0.200000;0.120000;0.540000;0.100000;0.040000,5.01253865405,3487734.54853,99749.8542173,0,0.100393277869
55,123456781,261176942,R1233ZDE&R1234ZEZ&R142B&R21&R245CA,0.060000;0.100000;0.660000;0.140000;0.040000,4.31636037798,6360660.33511,115838.335128,0,0.123664441175
55,123456781,261176942,R1224YDZ&R1233ZDE&R142B&R21&R245CA,0.060000;0.060000;0.420000;0.420000;0.040000,4.59959242788,6203812.70629,108705.283749,0,0.284031465498
56,123456781,389313036,R1224YDZ&R123&R1233ZDE&R1336MZZZ&R21,0.180000;0.040000;0.040000;0.020000;0.720000,5.01039728173,5508211.16854,99792.485882,0,inf
56,123456781,389313036,R123&R1233ZDE&R142B&R21&R245FA,0.020000;0.020000;0.720000;0.220000;0.020000,4.40002763074,6632279.92172,113635.650037,0,inf
56,123456781,389313036,R1233ZDE&R142B&R21&R245CA&R245FA,0.040000;0.200000;0.560000;0.060000;0.140000,4.78245912975,6019835.73637,104548.724084,0,0.325319963496
56,123456781,389313036,R123&R1233ZDE&R1234ZEZ&R142B&R21,0.020000;0.060000;0.120000;0.220000;0.580000,4.77306480575,6116316.74608,104754.496398,0,0.225659857406
56,123456781,389313036,R1233ZDE&R1234ZEZ&R142B&R21&R245FA,0.040000;0.100000;0.600000;0.220000;0.040000,4.40275769958,6467172.58441,113565.186666,0,0.499055604207
56,123456781,389313036,R1224YDZ&R1233ZDE&R1234ZEZ&R142B&R21,0.020000;0.080000;0.120000;0.240000;0.540000,4.7401809289,6119914.79343,105481.205781,0,0.210358348657
56,123456781,389313036,R1224YDZ&R1233ZDE&R1234ZEZ&R142B&R21,0.040000;0.060000;0.120000;0.260000;0.520000,4.71578071864,6143952.26369,106026.982557,0,0.28824779293
56,123456781,389313036,R1224YDZ&R1234ZEZ&R142B&R21&R245FA,0.040000;0.120000;0.300000;0.520000;0.020000,4.70307101774,6307999.24313,106313.512621,0,1.00232111386
56,123456781,389313036,R1224YDZ&R1233ZDE&R1234ZEZ&R21&R245FA,0.080000;0.060000;0.160000;0.660000;0.040000,4.97539754533,5776104.42623,100494.482189,0,0.585059178628
56,123456781,389313036,R1233ZDE&R142B&R21&R245FA&RE245FA2,0.020000;0.560000;0.320000;0.080000;0.020000,4.49503045126,6441284.74386,111233.951677,0,1.15746851435
56,123456781,389313036,R1224YDZ&R142B&R21&R245CA&R245FA,0.100000;0.100000;0.740000;0.040000;0.020000,4.95737906879,5981556.60686,100859.74727,0,0.616567798931
56,123456781,389313036,R1224YDZ&R1234ZEZ&R142B&R21&R245FA,0.100000;0.140000;0.120000;0.600000;0.040000,4.83840350473,5985831.64613,103339.872235,0,0.587118059966
57,123456781,2836615041,R123&R1234ZEZ&R142B&R21&RE245FA2,0.060000;0.120000;0.460000;0.340000;0.020000,4.49228539444,6210614.10476,111301.922318,0,inf
57,123456781,2836615041,R123&R1234ZEZ&R142B&R21&R245FA,0.060000;0.020000;0.120000;0.740000;0.060000,4.92417213765,6017125.36938,101539.910877,0,1.1818317185
57,123456781,2836615041,R1234ZEZ&R142B&R21&R245FA&RE245FA2,0.080000;0.260000;0.520000;0.080000;0.060000,4.69247475364,6065583.84704,106553.583397,0,1.41566067549
57,123456781,2836615041,R123&R1336MZZZ&R141B&R142B&R245CA,0.140000;0.060000;0.700000;0.020000;0.080000,5.04357604174,3371179.67178,99136.0090266,0,0.0624029757675
57,123456781,2836615041,R1234ZEZ&R142B&R21&R245FA&RE245FA2,0.120000;0.380000;0.360000;0.100000;0.040000,4.53796759707,6157773.89728,110181.483077,0,0.205219500123
57,123456781,2836615041,R123&R1234ZEZ&R21&R245FA&RE245FA2,0.080000;0.060000;0.720000;0.080000;0.060000,4.98072300076,5606111.16446,100387.032148,0,1.10332589571
57,123456781,2836615041,R1234ZEZ&R142B&R21&R245FA&RE245FA2,0.120000;0.420000;0.320000;0.100000;0.040000,4.4943629488,6174841.08071,111250.472135,0,0.1920343084
57,123456781,2836615041,R123&R1233ZDE&R1336MZZZ&R141B&R245CA,0.140000;0.140000;0.060000;0.580000;0.080000,5.02178570669,3457944.73448,99566.1760983,0,0.193010782848
57,123456781,2836615041,R123&R1233ZDE&R1336MZZZ&R141B&RE245FA2,0.140000;0.140000;0.060000;0.600000;0.060000,5.03761696685,3413535.31906,99253.2785423,0,0.104500243668
57,123456781,2836615041,R123&R1336MZZZ&R141B&R245CA&RE245FA2,0.140000;0.100000;0.580000;0.080000;0.100000,5.04797301501,3335482.70527,99049.6578554,0,inf
57,123456781,2836615041,R123&R1233ZDE&R141B&R245CA&RE245FA2,0.140000;0.140000;0.540000;0.080000;0.100000,4.98762964482,3476404.52869,100248.020725,0,0.888045752515
57,123456781,2836615041,R123&R1234ZEZ&R142B&R21&R245FA,0.080000;0.100000;0.380000;0.360000;0.080000,4.5390780769,6073340.17408,110154.527314,0,0.606211764884
58,123456781,3193347767,R1224YDZ&R123&R141B&R245CA&RE245FA2,0.040000;0.240000;0.500000;0.120000;0.100000,4.98914800114,3457905.01911,100217.512065,0,inf
58,123456781,3193347767,R123&R1233ZDE&R142B&R21&R245FA,0.040000;0.040000;0.380000;0.380000;0.160000,4.57852030316,6103619.7354,109205.58759,0,0.415582481799
58,123456781,3193347767,R1224YDZ&R1233ZDE&R1234ZEZ&R142B&R21,0.040000;0.060000;0.160000;0.400000;0.340000,4.52883162238,6215623.0043,110403.751274,0,0.294198276858
58,123456781,3193347767,R1224YDZ&R123&R1233ZDE&R141B&R245CA,0.060000;0.260000;0.060000;0.480000;0.140000,4.96537951415,3544235.47228,100697.237457,0,0.769583705315
58,123456781,3193347767,R1224YDZ&R141B&R142B&R21&RE245FA2,0.040000;0.040000;0.640000;0.260000;0.020000,4.40232489262,6364036.06698,113576.351631,0,inf
58,123456781,3193347767,R1224YDZ&R123&R141B&R245CA&RE245FA2,0.060000;0.240000;0.500000;0.100000;0.100000,4.9774811833,3465521.05335,100452.413899,0,0.106120692043
58,123456781,3193347767,R1224YDZ&R1234ZEZ&R142B&R21&R245CA,0.060000;0.080000;0.240000;0.540000;0.080000,4.74426742016,6063675.7605,105390.349177,0,0.767680941351
58,123456781,3193347767,R1233ZDE&R1234ZEZ&R21&R245CA&R245FA,0.160000;0.080000;0.520000;0.100000;0.140000,4.87954151009,5483121.25875,102468.643615,0,0.182843636542
58,123456781,3193347767,R1224YDZ&R123&R21&R245CA&RE245FA2,0.240000;0.060000;0.600000;0.080000;0.020000,4.93851920332,5336674.77995,101244.923714,0,0.778503761825
58,123456781,3193347767,R1224YDZ&R1234ZEZ&R21&R245FA&RE245FA2,0.080000;0.160000;0.560000;0.160000;0.040000,4.86690777017,5657348.84557,102734.636367,0,0.260428859237
58,123456781,3193347767,R1224YDZ&R1233ZDE&R1234ZEZ&R21&R245CA,0.060000;0.120000;0.160000;0.520000;0.140000,4.90018461423,5442551.06881,102036.971943,0,0.0928354698452
58,123456781,3193347767,R1224YDZ&R1234ZEZ&R21&R245CA&RE245FA2,0.100000;0.120000;0.580000;0.120000;0.080000,4.90069156178,5414274.51096,102026.416822,0,0.0860931181295
58,123456781,3193347767,R1224YDZ&R1234ZEZ&R142B&R21&RE245FA2,0.080000;0.180000;0.100000;0.600000;0.040000,4.84071512731,5868886.50816,103290.52358,0,0.547605621944
58,123456781,3193347767,R1224YDZ&R1234ZEZ&R142B&R21&RE245FA2,0.080000;0.120000;0.300000;0.460000;0.040000,4.63358459934,6069629.92921,107907.817216,0,0.581789446652
58,123456781,3193347767,R1224YDZ&R1233ZDE&R21&R245CA&R245FA,0.100000;0.160000;0.540000;0.160000;0.040000,4.91548244103,5337195.22563,101719.415337,0,0.149663894947
58,123456781,3193347767,R1224YDZ&R1234ZEZ&R142B&R21&R245CA,0.040000;0.020000;0.520000;0.340000;0.080000,4.51774163947,6337993.05626,110674.766266,0,0.50413864969
59,123456781,1101656332,R1234ZEZ&R142B&R21&R245CA&R245FA,0.020000;0.840000;0.020000;0.020000;0.100000,4.18566125611,6468550.52882,119455.438318,0,inf
59,123456781,1101656332,R1234ZEZ&R142B&R21&R245CA&R245FA,0.100000;0.300000;0.480000;0.020000;0.100000,4.68129016454,6258481.25616,106808.162371,0,0.622621772811
59,123456781,1101656332,R1234ZEZ&R142B&R21&R245CA&R245FA,0.100000;0.040000;0.760000;0.020000;0.080000,5.00617293984,6058081.8225,99876.693436,0,0.979148266737
59,123456781,1101656332,R1234ZEZ&R142B&R21&R245CA&R245FA,0.040000;0.660000;0.160000;0.040000;0.100000,4.34415115672,6395277.26716,115097.284133,0,0.765827240768
59,123456781,1101656332,R1234ZEZ&R142B&R21&R245CA&R245FA,0.100000;0.080000;0.700000;0.020000;0.100000,4.93739386723,6079216.8984,101267.999565,0,0.548113829836
59,123456781,1101656332,R1234ZEZ&R142B&R21&R245CA&R245FA,0.100000;0.220000;0.540000;0.040000;0.100000,4.75471729151,6147282.13737,105158.723294,0,0.594694270848
59,123456781,1101656332,R1224YDZ&R123&R141B&R21&R245CA,0.040000;0.180000;0.720000;0.040000;0.020000,5.10536412514,3418749.57395,97936.2074368,0,inf
59,123456781,1101656332,R1224YDZ&R123&R141B&R21&R245CA,0.080000;0.220000;0.660000;0.020000;0.020000,5.06982213585,3437450.94156,98622.7892422,0,0.145092330509
59,123456781,1101656332,R1234ZEZ&R142B&R21&R245CA&R245FA,0.080000;0.480000;0.300000;0.040000;0.100000,4.49327132748,6312000.76723,111277.499968,0,0.796623918214
59,123456781,1101656332,R1224YDZ&R123&R141B&R21&R245CA,0.060000;0.180000;0.660000;0.060000;0.040000,5.0443643641,3491127.19498,99120.5162653,0,0.101876068204
59,123456781,1101656332,R1224YDZ&R123&R141B&R21&R245CA,0.060000;0.180000;0.640000;0.060000;0.060000,5.02993601032,3505051.25868,99404.843118,0,0.0855646415974
59,123456781,1101656332,R1224YDZ&R123&R141B&R21&R245CA,0.080000;0.180000;0.620000;0.060000;0.060000,5.00757872346,3526903.44181,99848.6549313,0,0.88487851479
60,123456781,3698311319,R123&R1233ZDE&R1336MZZZ&R142B&R21,0.080000;0.120000;0.060000;0.020000;0.720000,4.96889744123,5343929.40463,100625.944873,0,0.581862412992
60,123456781,3698311319,R1233ZDE&R1234ZEZ&R142B&R21&R245CA,0.140000;0.100000;0.040000;0.560000;0.160000,4.89978140364,5529542.17684,102045.368724,0,0.197029072836
60,123456781,3698311319,R1224YDZ&R1234ZEZ&R142B&R21&R245CA,0.140000;0.100000;0.060000;0.540000;0.160000,4.8476914738,5578373.38163,103141.877469,0,0.467318362232
60,123456781,3698311319,R1224YDZ&R1233ZDE&R1234ZEZ&R142B&R21,0.060000;0.080000;0.100000;0.240000;0.520000,4.72377558646,6048163.10366,105847.534636,0,0.422511101896
60,123456781,3698311319,R1224YDZ&R1234ZEZ&R142B&R21&R245FA,0.080000;0.100000;0.280000;0.440000;0.100000,4.64775916119,6115600.11893,107578.723996,0,0.337197729709
60,123456781,3698311319,R1224YDZ&R123&R141B&R21&RE347MCCHFE7000,0.140000;0.020000;0.040000;0.760000;0.040000,4.96076432348,5355480.91344,100790.919987,0,0.12425990638
60,123456781,3698311319,R1224YDZ&R123&R1234ZEZ&R141B&R21,0.140000;0.040000;0.120000;0.060000;0.640000,4.93546693722,5451312.48759,101307.537131,0,0.181086741623
60,123456781,3698311319,R1224YDZ&R1234ZEZ&R142B&R21&R245FA,0.080000;0.100000;0.320000;0.420000;0.080000,4.61874369702,6167836.99681,108254.545565,0,0.591932712324
60,123456781,3698311319,R1224YDZ&R1233ZDE&R142B&R21&R245CA,0.020000;0.080000;0.680000;0.200000;0.020000,4.38173673013,6436114.58362,114110.004958,0,inf
60,123456781,3698311319,R1224YDZ&R1233ZDE&R1234ZEZ&R21&R245CA,0.100000;0.120000;0.160000;0.540000;0.080000,4.91007609846,5494114.25977,101831.415639,0,0.1216043645
60,123456781,3698311319,R1224YDZ&R1336MZZZ&R141B&R21&RE245FA2,0.060000;0.020000;0.780000;0.020000;0.120000,5.09280298535,3320365.30832,98177.7621161,0,inf
60,123456781,3698311319,R1224YDZ&R142B&R21&R245CA&R245FA,0.040000;0.620000;0.200000;0.040000;0.100000,4.38807856513,6332639.66341,113945.088398,0,0.294995163248
60,123456781,3698311319,R1224YDZ&R1336MZZZ&R141B&R21&R245CA,0.080000;0.040000;0.660000;0.060000;0.160000,4.97932407932,3501779.16323,100415.235489,0,0.229571922948
60,123456781,3698311319,R123&R1336MZZZ&R141B&R245CA&RE245FA2,0.180000;0.060000;0.560000;0.080000;0.120000,5.0451213204,3358137.42123,99105.6444923,0,0.0224891988056
60,123456781,3698311319,R1336MZZZ&R141B&R21&R245CA&RE245FA2,0.040000;0.660000;0.040000;0.140000;0.120000,5.0430013351,3374720.24835,99147.3066882,0,0.0540254092655
60,123456781,3698311319,R123&R1233ZDE&R1336MZZZ&R141B&R21,0.120000;0.160000;0.040000;0.640000;0.040000,5.04091798754,3491887.8959,99188.2830144,0,0.209913927563
60,123456781,3698311319,R1224YDZ&R123&R1336MZZZ&R141B&RE245FA2,0.040000;0.180000;0.060000;0.600000;0.120000,5.04823320567,3347669.36628,99044.5527434,0,0.137418815611
60,123456781,3698311319,R1224YDZ&R1233ZDE&R142B&R21&R245CA,0.040000;0.080000;0.560000;0.280000;0.040000,4.46255261031,6275234.01287,112043.496999,0,0.73445821898
60,123456781,3698311319,R1233ZDE&R142B&R21&R245CA&R245FA,0.100000;0.220000;0.560000;0.080000;0.040000,4.77886681209,5950833.87168,104627.314311,0,0.494869503193
60,123456781,3698311319,R123&R1233ZDE&R1336MZZZ&R141B&R21,0.120000;0.100000;0.040000;0.580000;0.160000,4.97644402188,3673353.66418,100473.349605,0,0.619127007916
61,123456781,706767762,R1224YDZ&R123&R1233ZDE&R1234ZEZ&R245CA,0.120000;0.260000;0.160000;0.260000;0.200000,5.54040410491,4197757.97288,90246.1247469,0,inf
61,123456781,706767762,R1224YDZ&R1234ZEZ&R142B&R21&R245FA,0.040000;0.100000;0.660000;0.160000;0.040000,4.33335912623,6484272.66793,115383.928596,0,inf
61,123456781,706767762,R1224YDZ&R1234ZEZ&R142B&R21&R245FA,0.040000;0.140000;0.300000;0.480000;0.040000,4.67315796269,6266818.70131,106994.029304,0,0.544184546273
61,123456781,706767762,R1224YDZ&R1234ZEZ&R142B&R21&R245FA,0.060000;0.120000;0.460000;0.300000;0.060000,4.48608489389,6304869.57628,111455.759716,0,0.423124865036
61,123456781,706767762,R1224YDZ&R1234ZEZ&R142B&R21&R245FA,0.060000;0.120000;0.560000;0.200000;0.060000,4.37861704937,6337908.05011,114191.30615,0,0.0855066615038
61,123456781,706767762,R1224YDZ&R1234ZEZ&R142B&R21&R245FA,0.060000;0.120000;0.580000;0.180000;0.060000,4.35657698408,6341597.27371,114769.003699,0,0.0989478798606
61,123456781,706767762,R1224YDZ&R1234ZEZ&R142B&R21&R245FA,0.060000;0.120000;0.200000;0.520000;0.100000,4.74086247627,6088030.76259,105466.041781,0,0.321808814309
61,123456781,706767762,R1224YDZ&R1234ZEZ&R142B&R21&R245FA,0.120000;0.020000;0.020000;0.700000;0.140000,4.96299916423,5855725.09362,100745.53379,0,1.96781913626
61,123456781,706767762,R1224YDZ&R1234ZEZ&R142B&R21&R245FA,0.060000;0.120000;0.540000;0.220000;0.060000,4.40043041188,6333191.97118,113625.248714,0,0.138296886374
61,123456781,706767762,R1224YDZ&R1234ZEZ&R142B&R21&R245FA,0.140000;0.060000;0.140000;0.520000;0.140000,4.76182414328,5880172.78216,105001.777671,0,0.473416851245
61,123456781,706767762,R1224YDZ&R1234ZEZ&R142B&R21&R245FA,0.060000;0.100000;0.500000;0.260000;0.080000,4.44591003493,6306376.94928,112462.91447,0,0.169652679494
61,123456781,706767762,R1224YDZ&R1234ZEZ&R142B&R21&R245FA,0.060000;0.100000;0.620000;0.160000;0.060000,4.33426453689,6373848.94252,115359.825351,0,0.106096079021
62,123456781,2952854422,R123&R1234ZEZ&R21&R245CA&RE347MCCHFE7000,0.320000;0.440000;0.080000;0.080000;0.080000,7.25668415303,3895538.24054,68901.9929014,0,inf
62,123456781,2952854422,R1233ZDE&R142B&R21&R245CA&R245FA,0.040000;0.300000;0.560000;0.060000;0.040000,4.74503080005,6204877.62841,105373.393992,0,0.156076299357
62,123456781,2952854422,R1233ZDE&R1234ZEZ&R21&R245CA&R245FA,0.040000;0.180000;0.660000;0.080000;0.040000,4.98222556034,5786630.96552,100356.757025,0,2.55509427271
62,123456781,2952854422,R1233ZDE&R1234ZEZ&R142B&R21&R245CA,0.020000;0.120000;0.340000;0.480000;0.040000,4.66499822087,6299241.50644,107181.176997,0,0.160317114431
62,123456781,2952854422,R1233ZDE&R1234ZEZ&R142B&R21&R245CA,0.020000;0.140000;0.460000;0.360000;0.020000,4.54078892887,6425518.39007,110113.023933,0,inf
62,123456781,2952854422,R1233ZDE&R1234ZEZ&R142B&R21&R245FA,0.060000;0.160000;0.200000;0.520000;0.060000,4.74597833648,6084590.36884,105352.356153,0,0.0244181331119
62,123456781,2952854422,R1233ZDE&R1234ZEZ&R142B&R21&R245CA,0.020000;0.160000;0.420000;0.360000;0.040000,4.54711321684,6317715.39211,109959.874794,0,0.117104537708
62,123456781,2952854422,R1233ZDE&R142B&R21&R245CA&R245FA,0.060000;0.180000;0.580000;0.100000;0.080000,4.80961429771,5928173.93165,103958.440127,0,0.261636287586
62,123456781,2952854422,R1233ZDE&R142B&R21&R245CA&R245FA,0.060000;0.240000;0.560000;0.080000;0.060000,4.76857233399,6039542.83465,104853.185604,0,0.0428846238778
62,123456781,2952854422,R1233ZDE&R1234ZEZ&R142B&R21&R245FA,0.060000;0.180000;0.180000;0.520000;0.060000,4.75563145451,6052424.28905,105138.508899,0,0.0382372074287
62,123456781,2952854422,R1233ZDE&R142B&R21&R245CA&R245FA,0.060000;0.220000;0.580000;0.080000;0.060000,4.79113493346,6024829.88324,104359.406893,0,0.0808427473402
62,123456781,2952854422,R1233ZDE&R1234ZEZ&R142B&R21&R245FA,0.040000;0.140000;0.360000;0.420000;0.040000,4.61220804399,6300452.58232,108407.945876,0,0.118133635549
62,123456781,2952854422,R1233ZDE&R1234ZEZ&R142B&R21&R245FA,0.060000;0.180000;0.200000;0.520000;0.040000,4.74555058154,6091099.64074,105361.852415,0,0.0484041203847
63,123456781,3948041608,R1234ZEZ&R1336MZZZ&R142B&R21&R245CA,0.100000;0.020000;0.120000;0.680000;0.080000,4.88121787118,5948355.14324,102433.452715,0,0.401918399172
63,123456781,3948041608,R1224YDZ&R1234ZEZ&R142B&R21&R245CA,0.060000;0.080000;0.220000;0.540000;0.100000,4.75386158518,5998816.02034,105177.652113,0,0.365326459941
63,123456781,3948041608,R1224YDZ&R1234ZEZ&R1336MZZZ&R21&R245CA,0.080000;0.100000;0.020000;0.680000;0.120000,4.9745462823,5616896.74758,100511.679181,0,0.861982213334
63,123456781,3948041608,R1224YDZ&R1234ZEZ&R142B&R21&R245FA,0.080000;0.120000;0.220000;0.480000;0.100000,4.70037019736,6058532.15275,106374.600086,0,0.202090583919
63,123456781,3948041608,R1233ZDE&R141B&R245CA&R245FA&RE347MCCHFE7000,0.060000;0.840000;0.020000;0.040000;0.040000,5.12934953956,3299260.08656,97478.2467336,0,inf
63,123456781,3948041608,R1234ZEZ&R142B&R21&R245CA&R245FA,0.100000;0.060000;0.600000;0.140000;0.100000,4.88170154245,5783829.62074,102423.303771,0,0.0851825345432
63,123456781,3948041608,R1224YDZ&R1234ZEZ&R142B&R21&R245FA,0.100000;0.100000;0.180000;0.520000;0.100000,4.74653962367,6003368.60627,105339.89804,0,0.0689215512523
63,123456781,3948041608,R123&R1233ZDE&R141B&R245CA&RE245FA2,0.140000;0.060000;0.680000;0.060000;0.060000,5.10006147472,3375291.09977,98038.0339488,0,0.203828551174
63,123456781,3948041608,R1224YDZ&R1234ZEZ&R1336MZZZ&R21&R245FA,0.120000;0.140000;0.020000;0.660000;0.060000,4.94225719454,5712363.76597,101168.348857,0,0.145789148991
63,123456781,3948041608,R123&R141B&R245CA&R245FA&RE245FA2,0.140000;0.660000;0.060000;0.060000;0.080000,5.05857933367,3391159.75846,98841.9805284,0,0.127062059957
63,123456781,3948041608,R123&R1233ZDE&R141B&R245CA&RE245FA2,0.140000;0.080000;0.620000;0.080000;0.080000,5.05308597503,3411036.81526,98949.4345576,0,0.0499720694151
63,123456781,3948041608,R1224YDZ&R1234ZEZ&R142B&R21&R245FA,0.100000;0.160000;0.260000;0.460000;0.020000,4.66454967568,6104864.84706,107191.483587,0,0.331199929639
63,123456781,3948041608,R1233ZDE&R1234ZEZ&R142B&R21&R245FA,0.140000;0.140000;0.020000;0.620000;0.080000,4.93409819695,5747806.86677,101335.640281,0,0.149179840776
63,123456781,3948041608,R123&R1234ZEZ&R142B&R21&R245CA,0.060000;0.120000;0.580000;0.200000;0.040000,4.3652567456,6236937.94417,114540.800035,0,inf
63,123456781,3948041608,R1224YDZ&R1233ZDE&R1234ZEZ&R142B&R21,0.100000;0.080000;0.020000;0.260000;0.540000,4.73121556524,6027542.28283,105681.086204,0,0.139843478734
63,123456781,3948041608,R1233ZDE&R1234ZEZ&R142B&R21&R245FA,0.140000;0.140000;0.040000;0.580000;0.100000,4.88791203232,5748006.2823,102293.166631,0,0.144581648797
63,123456781,3948041608,R1224YDZ&R1234ZEZ&R142B&R21&R245FA,0.060000;0.140000;0.340000;0.400000;0.060000,4.59664921691,6219458.86167,108774.887185,0,0.867383253934
63,123456781,3948041608,R123&R141B&R21&R245CA&RE347MCCHFE7000,0.120000;0.640000;0.160000;0.040000;0.040000,4.99396864672,3559313.0008,100120.77275,0,0.772240320824
63,123456781,3948041608,R123&R1233ZDE&R141B&R245CA&R245FA,0.180000;0.080000;0.620000;0.060000;0.060000,5.02371347469,3478877.61804,99527.9692042,0,0.118727671263
63,123456781,3948041608,R123&R1233ZDE&R141B&R245CA&R245FA,0.180000;0.080000;0.640000;0.040000;0.060000,5.03847529778,3464876.49895,99236.3702209,0,0.0657222594863
63,123456781,3948041608,R123&R1233ZDE&R141B&R245CA&R245FA,0.120000;0.080000;0.680000;0.060000;0.060000,5.04647487104,3450605.36059,99079.0626679,0,0.0542655835495
63,123456781,3948041608,R123&R1233ZDE&R141B&R245CA&R245FA,0.180000;0.080000;0.600000;0.060000;0.080000,4.995977009,3504929.67687,100080.52461,0,0.101051849327
64,123456781,3877771473,R123&R1336MZZZ&R141B&R245CA&R365MFC,0.160000;0.160000;0.540000;0.060000;0.080000,5.03348409513,3295595.43225,99334.7730022,0,inf
64,123456781,3877771473,R1233ZDE&R142B&R21&R245CA&R245FA,0.060000;0.100000;0.620000;0.080000;0.140000,4.87446494543,5859062.70248,102575.360701,0,0.812487468545
64,123456781,3877771473,R123&R1336MZZZ&R141B&R245CA&R365MFC,0.180000;0.100000;0.520000;0.120000;0.080000,5.02874983701,3341520.76822,99428.2905705,0,0.0569528990494
64,123456781,3877771473,R123&R1233ZDE&R21&R245CA&R245FA,0.060000;0.080000;0.600000;0.100000;0.160000,4.92044184352,5496953.71199,101616.890495,0,0.306319560805
64,123456781,3877771473,R1224YDZ&R142B&R21&R245CA&R245FA,0.040000;0.460000;0.360000;0.080000;0.060000,4.54892387259,6231317.88837,109916.106315,0,inf
64,123456781,3877771473,R123&R1233ZDE&R1336MZZZ&R141B&R245CA,0.140000;0.100000;0.060000;0.560000;0.140000,5.01227751431,3458370.09812,99755.0511864,0,0.41494403277
64,123456781,3877771473,R1224YDZ&R1233ZDE&R142B&R21&R245CA,0.080000;0.080000;0.240000;0.520000;0.080000,4.73816702664,5890159.2344,105526.039329,0,0.700245788209
64,123456781,3877771473,R123&R141B&R245CA&R365MFC&RE245FA2,0.160000;0.520000;0.120000;0.100000;0.100000,5.02323726557,3344493.79689,99537.4045791,0,0.104677811927
64,123456781,3877771473,R1224YDZ&R142B&R21&R245CA&R245FA,0.080000;0.260000;0.480000;0.100000;0.080000,4.69521258534,5954523.40554,106491.450794,0,0.21140714889
64,123456781,3877771473,R1224YDZ&R1233ZDE&R21&R245CA&R245FA,0.060000;0.100000;0.580000;0.100000;0.160000,4.90775198557,5544027.23167,101879.63888,0,0.308810781269
64,123456781,3877771473,R1224YDZ&R123&R1233ZDE&R245CA&R245FA,0.160000;0.260000;0.200000;0.180000;0.200000,4.99533615182,4239367.23032,100093.364051,0,0.820619821645
64,123456781,3877771473,R1224YDZ&R142B&R21&R245CA&R245FA,0.020000;0.340000;0.420000;0.080000;0.140000,4.62752678736,6098872.0647,108049.077396,0,0.359418377389
64,123456781,3877771473,R1224YDZ&R1234ZEZ&R142B&R21&R245FA,0.060000;0.160000;0.320000;0.380000;0.080000,4.58611902329,6157746.56444,109024.64534,0,0.0677191831817
64,123456781,3877771473,R1224YDZ&R1234ZEZ&R142B&R21&R245FA,0.060000;0.140000;0.340000;0.380000;0.080000,4.58109783025,6189540.33317,109144.143724,0,0.186069811792
64,123456781,3877771473,R1224YDZ&R1234ZEZ&R142B&R21&R245FA,0.060000;0.180000;0.300000;0.380000;0.080000,4.59175869597,6125630.13989,108890.739498,0,0.197705909252
64,123456781,3877771473,R1233ZDE&R1234ZEZ&R142B&R21&R245FA,0.080000;0.140000;0.220000;0.420000;0.140000,4.66339290231,5968546.03181,107218.072865,0,0.336059864821
64,123456781,3877771473,R1224YDZ&R1234ZEZ&R142B&R21&R245FA,0.080000;0.260000;0.140000;0.440000;0.080000,4.70804267451,5900537.21535,106201.246371,0,0.201807935978
64,123456781,3877771473,R1224YDZ&R123&R142B&R21&R245CA,0.020000;0.260000;0.020000;0.680000;0.020000,4.9575231279,5230073.43099,100856.816418,0,0.72691763314
65,123456781,3491018886,R1234ZEZ&R141B&R142B&R21&RE347MCCHFE7000,0.040000;0.080000;0.020000;0.840000;0.020000,4.99771170061,5623402.89441,100045.786943,0,1.15272809175
65,123456781,3491018886,R1234ZEZ&R142B&R21&R245CA&R245FA,0.180000;0.320000;0.440000;0.020000;0.040000,4.63936312899,6284087.32793,107773.413311,0,inf
65,123456781,3491018886,R123&R1234ZEZ&R141B&R245CA&RE347MCCHFE7000,0.080000;0.020000;0.640000;0.240000;0.020000,5.03649039435,3403308.67384,99275.4797192,0,inf
65,123456781,3491018886,R1234ZEZ&R141B&R142B&R21&R245FA,0.180000;0.040000;0.040000;0.720000;0.020000,4.96230966858,5911548.21089,100759.532031,0,0.681967363551
65,123456781,3491018886,R1234ZEZ&R142B&R21&R245CA&R245FA,0.140000;0.300000;0.460000;0.040000;0.060000,4.66339048782,6221800.2287,107218.128378,0,0.313014693787
65,123456781,3491018886,R1234ZEZ&R142B&R21&R245CA&R245FA,0.180000;0.120000;0.600000;0.060000;0.040000,4.84857900657,6021243.66321,103122.997341,0,0.81877281713
65,123456781,3491018886,R123&R1234ZEZ&R21&R245CA&R245FA,0.060000;0.180000;0.660000;0.040000;0.060000,4.96616922493,5737406.17069,100681.224774,0,0.273159150355
65,123456781,3491018886,R1234ZEZ&R142B&R21&R245CA&R245FA,0.180000;0.220000;0.500000;0.040000;0.060000,4.72291271175,6127589.92286,105866.872948,0,0.320332425659
65,123456781,3491018886,R1234ZEZ&R142B&R21&R245CA&R245FA,0.120000;0.160000;0.580000;0.040000;0.100000,4.8100946235,6085173.98635,103948.059058,0,0.531957425258
65,123456781,3491018886,R1234ZEZ&R142B&R21&R245CA&R245FA,0.160000;0.260000;0.480000;0.040000;0.060000,4.69207096062,6175117.00241,106562.753248,0,0.34159494115
65,123456781,3491018886,R1234ZEZ&R142B&R21&R245CA&R245FA,0.040000;0.240000;0.540000;0.080000;0.100000,4.74952331516,6106050.32263,105273.722608,0,0.460052896631
66,123456781,3008149127,R1224YDZ&R1234ZEZ&R142B&R21&RE245FA2,0.040000;0.120000;0.520000;0.280000;0.040000,4.4326682244,6293979.36493,112798.877491,0,inf
66,123456781,3008149127,R1233ZDE&R142B&R21&R245CA&RE245FA2,0.040000;0.140000;0.760000;0.020000;0.040000,4.93699826077,6032072.64807,101276.114268,0,0.652392686749
66,123456781,3008149127,R1234ZEZ&R142B&R21&R245CA&R245FA,0.040000;0.260000;0.540000;0.040000;0.120000,4.74233237938,6200894.30172,105433.352199,0,1.25170658686
66,123456781,3008149127,R1233ZDE&R1234ZEZ&R142B&R21&R245CA,0.060000;0.120000;0.460000;0.300000;0.060000,4.48993932275,6207583.21197,111360.079515,0,0.932665215233
66,123456781,3008149127,R1224YDZ&R1233ZDE&R21&R245CA&R245FA,0.060000;0.120000;0.740000;0.060000;0.020000,5.05008602263,5673477.85451,99008.2144659,0,inf
66,123456781,3008149127,R1224YDZ&R1233ZDE&R142B&R21&R245FA,0.080000;0.100000;0.060000;0.700000;0.060000,4.95714966595,5815800.81941,100864.414773,0,0.568206372409
66,123456781,3008149127,R1224YDZ&R1234ZEZ&R142B&R21&R245CA,0.080000;0.020000;0.160000;0.720000;0.020000,4.90670504184,6123257.48767,101901.37694,0,0.486441502162
66,123456781,3008149127,R1224YDZ&R1234ZEZ&R142B&R21&R245FA,0.060000;0.120000;0.440000;0.280000;0.100000,4.47369243288,6224767.08598,111764.500466,0,0.336326386225
66,123456781,3008149127,R1224YDZ&R1234ZEZ&R21&R245CA&R245FA,0.120000;0.060000;0.700000;0.040000;0.080000,4.99040374547,5781937.70538,100192.294151,0,0.51449023258
66,123456781,3008149127,R1224YDZ&R1234ZEZ&R142B&R21&R245FA,0.020000;0.060000;0.160000;0.640000;0.120000,4.84962677874,6164005.69554,103100.717398,0,0.647458967441
67,123456781,610316082,R123&R1336MZZZ&R141B&R245CA&R365MFC,0.220000;0.080000;0.480000;0.080000;0.140000,5.01981265579,3312369.27974,99605.3108522,0,inf
67,123456781,610316082,R1233ZDE&R1234ZEZ&R142B&R21&R245FA,0.080000;0.220000;0.140000;0.520000;0.040000,4.77854518466,5961594.49956,104634.356416,0,0.747162636386
67,123456781,610316082,R123&R1234ZEZ&R141B&R21&R245CA,0.220000;0.040000;0.640000;0.040000;0.060000,5.01614774046,3492042.05418,99678.0848314,0,0.255123578924
67,123456781,610316082,R123&R1234ZEZ&R142B&R21&R245FA,0.020000;0.180000;0.360000;0.300000;0.140000,4.51000260713,6121815.73041,110864.680923,0,0.22723457031
67,123456781,610316082,R1224YDZ&R142B&R21&R245CA&R245FA,0.060000;0.020000;0.640000;0.120000;0.160000,4.92607373904,5715249.12039,101500.713649,0,1.07911402092
67,123456781,610316082,R123&R1233ZDE&R1336MZZZ&R141B&R245CA,0.240000;0.120000;0.100000;0.400000;0.140000,4.94085492626,3523740.55601,101197.061533,0,0.0954815965538
67,123456781,610316082,R123&R1233ZDE&R1336MZZZ&R141B&R245CA,0.220000;0.100000;0.100000;0.440000;0.140000,4.9620083385,3494060.52189,100765.6509,0,0.228689758446
67,123456781,610316082,R1234ZEZ&R1336MZZZ&R142B&R21&R245CA,0.040000;0.040000;0.160000;0.680000;0.080000,4.8328547079,5899983.08513,103458.520941,0,0.595412929495
67,123456781,610316082,R1233ZDE&R1234ZEZ&R142B&R21&R245FA,0.120000;0.140000;0.280000;0.420000;0.040000,4.63661209462,6034630.29082,107837.358355,0,0.628205176178
67,123456781,610316082,R1233ZDE&R1234ZEZ&R142B&R21&R245FA,0.100000;0.140000;0.300000;0.400000;0.060000,4.61479249136,6073950.22956,108347.233583,0,0.279322369584
67,123456781,610316082,R123&R1233ZDE&R1336MZZZ&R141B&R245CA,0.060000;0.080000;0.040000;0.440000;0.380000,4.92687770927,3550882.98524,101484.150715,0,0.752214331379
67,123456781,610316082,R1224YDZ&R1234ZEZ&R142B&R21&R245FA,0.040000;0.080000;0.540000;0.280000;0.060000,4.46245663216,6437354.85621,112045.906821,0,inf
67,123456781,610316082,R1224YDZ&R1234ZEZ&R142B&R21&R245FA,0.080000;0.160000;0.320000;0.360000;0.080000,4.56745443642,6109605.83877,109470.167017,0,0.405686958778
67,123456781,610316082,R1224YDZ&R1234ZEZ&R142B&R21&R245FA,0.060000;0.100000;0.400000;0.300000;0.140000,4.50235703784,6161491.54775,111052.943113,0,0.0208704111271
67,123456781,610316082,R1234ZEZ&R142B&R21&R245CA&R245FA,0.140000;0.400000;0.300000;0.060000;0.100000,4.50370169123,6146468.45104,111019.786451,0,0.0333924406508
67,123456781,610316082,R1224YDZ&R1234ZEZ&R142B&R21&R245CA,0.060000;0.120000;0.420000;0.320000;0.080000,4.50935647511,6139684.87728,110880.566387,0,0.0316616106527
67,123456781,610316082,R1224YDZ&R1234ZEZ&R142B&R21&R245FA,0.060000;0.120000;0.400000;0.300000;0.120000,4.50050644667,6173973.77264,111098.607662,0,0.0554095925949
67,123456781,610316082,R123&R1233ZDE&R1336MZZZ&R141B&R245CA,0.200000;0.160000;0.100000;0.440000;0.100000,4.9513869068,3516107.49112,100981.807605,0,0.0821284466587
67,123456781,610316082,R1233ZDE&R1234ZEZ&R142B&R21&R245FA,0.060000;0.080000;0.500000;0.300000;0.060000,4.48880585692,6353537.07776,111388.198986,0,0.16908266548
67,123456781,610316082,R1224YDZ&R1234ZEZ&R142B&R21&R245FA,0.060000;0.140000;0.420000;0.300000;0.080000,4.49347466776,6229701.9024,111272.4644,0,0.0596138913265
67,123456781,610316082,R1224YDZ&R1234ZEZ&R142B&R21&R245FA,0.080000;0.100000;0.440000;0.300000;0.080000,4.48955626959,6230804.37351,111369.580862,0,0.0573071285855
68,123456781,4022768207,R1224YDZ&R1336MZZZ&R141B&R245CA&R365MFC,0.020000;0.100000;0.660000;0.180000;0.040000,5.06278533826,3324418.36302,98759.8656852,0,inf
68,123456781,4022768207,R1224YDZ&R1233ZDE&R21&R245CA&R245FA,0.020000;0.240000;0.600000;0.020000;0.120000,4.94134203279,5507051.57077,101187.085752,0,0.202740594465
68,123456781,4022768207,R1224YDZ&R142B&R21&R245CA&R245FA,0.060000;0.300000;0.480000;0.020000;0.140000,4.68138742959,6154199.07671,106805.943221,0,0.767072613908
68,123456781,4022768207,R1224YDZ&R1336MZZZ&R142B&R21&RE245FA2,0.080000;0.020000;0.260000;0.600000;0.040000,4.73379587409,5997773.18931,105623.481303,0,0.288284901449
68,123456781,4022768207,R1224YDZ&R142B&R21&R245CA&R245FA,0.040000;0.260000;0.520000;0.060000;0.120000,4.72684788682,6094351.2795,105778.737114,0,0.235490189801
68,123456781,4022768207,R1233ZDE&R1234ZEZ&R21&R245CA&R245FA,0.080000;0.220000;0.500000;0.080000;0.120000,4.86284519087,5592709.57442,102820.464229,0,0.217334073318
68,123456781,4022768207,R123&R1336MZZZ&R141B&R21&RE245FA2,0.580000;0.100000;0.280000;0.020000;0.020000,5.01986876848,3451140.78619,99604.1974523,0,0.101186845996
68,123456781,4022768207,R1224YDZ&R1233ZDE&R21&R245CA&R245FA,0.060000;0.100000;0.600000;0.080000;0.160000,4.92100409276,5584107.16057,101605.280259,0,0.292266269582
68,123456781,4022768207,R123&R1336MZZZ&R141B&R245CA&R365MFC,0.160000;0.100000;0.540000;0.160000;0.040000,5.03346752394,3368950.64299,99335.1000323,0,0.10364897745
68,123456781,4022768207,R1224YDZ&R1234ZEZ&R21&R245CA&R245FA,0.060000;0.200000;0.520000;0.080000;0.140000,4.86080573722,5645547.62943,102863.604725,0,0.327412870179
68,123456781,4022768207,R123&R141B&R21&R245CA&R365MFC,0.080000;0.660000;0.180000;0.020000;0.060000,5.00610039516,3594826.70554,99878.1407748,0,0.21393803213
68,123456781,4022768207,R1224YDZ&R123&R141B&R245CA&R365MFC,0.040000;0.140000;0.580000;0.180000;0.060000,5.02689481699,3412206.03608,99464.9815051,0,0.0641142803415
68,123456781,4022768207,R1224YDZ&R123&R141B&R245CA&R365MFC,0.040000;0.120000;0.580000;0.220000;0.040000,5.02029676876,3431611.94554,99595.7057979,0,0.0360572570011
68,123456781,4022768207,R1224YDZ&R1233ZDE&R141B&R21&R245CA,0.080000;0.080000;0.080000;0.660000;0.100000,4.96152025421,5304599.8331,100775.563614,0,0.623493804196
68,123456781,4022768207,R1224YDZ&R141B&R245CA&R365MFC&RE245FA2,0.040000;0.660000;0.180000;0.060000;0.060000,5.05174498692,3345258.76494,98975.7007321,0,0.110617425992
68,123456781,4022768207,R1224YDZ&R1233ZDE&R141B&R21&R245CA,0.100000;0.080000;0.060000;0.640000;0.120000,4.95551220297,5321686.94878,100897.743668,0,0.134747362041
68,123456781,4022768207,R123&R1233ZDE&R141B&R21&R365MFC,0.240000;0.120000;0.460000;0.100000;0.080000,4.96960849037,3595260.27617,100611.547362,0,0.718508504311
68,123456781,4022768207,R1224YDZ&R1234ZEZ&R142B&R21&R245FA,0.060000;0.140000;0.460000;0.300000;0.040000,4.48378945287,6318016.92667,111512.818623,0,inf
68,123456781,4022768207,R1234ZEZ&R141B&R142B&R21&R245FA,0.300000;0.040000;0.080000;0.500000;0.080000,4.78213554699,5804267.14589,104555.798364,0,0.553432659774
68,123456781,4022768207,R1224YDZ&R1234ZEZ&R142B&R21&R245FA,0.040000;0.160000;0.420000;0.320000;0.060000,4.51142989893,6294071.36127,110829.6064,0,0.177062801311
68,123456781,4022768207,R1224YDZ&R1234ZEZ&R142B&R21&R245FA,0.080000;0.140000;0.380000;0.320000;0.080000,4.51780292304,6160897.64625,110673.264973,0,0.655770556176
68,123456781,4022768207,R1224YDZ&R1233ZDE&R1234ZEZ&R21&R245FA,0.020000;0.120000;0.240000;0.500000;0.120000,4.86136111465,5633726.72653,102851.853258,0,0.0245555298504
69,123456781,3016280584,R1224YDZ&R1336MZZZ&R21&R245CA&RE245FA2,0.160000;0.020000;0.660000;0.120000;0.040000,4.95559720297,5415962.07632,100896.013038,0,0.382677382136
69,123456781,3016280584,R1224YDZ&R1234ZEZ&R142B&R21&RE245FA2,0.040000;0.100000;0.300000;0.540000;0.020000,4.70743877019,6259852.99723,106214.870635,0,inf
69,123456781,3016280584,R1224YDZ&R1234ZEZ&R142B&R21&R245FA,0.040000;0.140000;0.180000;0.480000;0.160000,4.72045128781,6024452.24364,105922.075987,0,0.557661425544
69,123456781,3016280584,R1224YDZ&R1234ZEZ&R142B&R21&R245CA,0.060000;0.140000;0.140000;0.520000;0.140000,4.77967582506,5795854.91993,104609.604982,0,0.17930550187
69,123456781,3016280584,R1224YDZ&R1234ZEZ&R142B&R21&R245FA,0.100000;0.020000;0.040000;0.540000;0.300000,4.82085830332,5757997.91078,103715.971004,0,0.805769852833
69,123456781,3016280584,R1224YDZ&R1233ZDE&R1234ZEZ&R21&R245FA,0.040000;0.060000;0.220000;0.540000;0.140000,4.88033581811,5720973.64524,102451.966142,0,0.654152826056
69,123456781,3016280584,R1224YDZ&R1234ZEZ&R21&R245CA&RE245FA2,0.040000;0.160000;0.600000;0.160000;0.040000,4.92804931886,5534380.27344,101460.023561,0,0.478589880494
69,123456781,3016280584,R1224YDZ&R123&R1233ZDE&R141B&R21,0.080000;0.120000;0.120000;0.040000;0.640000,4.97386126563,5208243.12151,100525.521983,0,inf
69,123456781,3016280584,R1224YDZ&R123&R1233ZDE&R1234ZEZ&R21,0.040000;0.040000;0.180000;0.160000;0.580000,4.93939529312,5494741.49781,101226.966122,0,0.173085931229
69,123456781,3016280584,R1224YDZ&R1233ZDE&R1234ZEZ&R21&RE245FA2,0.100000;0.200000;0.100000;0.580000;0.020000,4.94088129262,5451716.42682,101196.521509,0,0.142417121696
69,123456781,3016280584,R1224YDZ&R1233ZDE&R1234ZEZ&R141B&R21,0.120000;0.140000;0.080000;0.040000;0.620000,4.95133639042,5437231.82691,100982.837879,0,0.142054359081
69,123456781,3016280584,R1224YDZ&R21&R245CA&R245FA&RE245FA2,0.060000;0.600000;0.080000;0.220000;0.040000,4.88705507321,5591046.30681,102311.104031,0,0.530876351819
69,123456781,3016280584,R1224YDZ&R1234ZEZ&R141B&R142B&R21,0.100000;0.120000;0.060000;0.140000;0.580000,4.77980798535,5773250.82914,104606.712557,0,0.347646333155
69,123456781,3016280584,R1224YDZ&R1234ZEZ&R142B&R21&RE245FA2,0.100000;0.140000;0.160000;0.560000;0.040000,4.77285548977,5906202.43279,104759.090459,0,0.436855030919
69,123456781,3016280584,R1224YDZ&R123&R1234ZEZ&R142B&R21,0.100000;0.040000;0.080000;0.220000;0.560000,4.74788657287,6000316.60172,105310.013693,0,0.513556852821
70,123456781,1934615576,R1234ZEZ&R142B&R21&R245CA&R245FA,0.140000;0.020000;0.600000;0.140000;0.100000,4.90992110907,5723363.86775,101834.630108,0,0.602445151827
70,123456781,1934615576,R123&R1233ZDE&R141B&R245CA&R365MFC,0.180000;0.080000;0.520000;0.200000;0.020000,5.00070907748,3494893.13103,99985.8204613,0,0.743066196327
70,123456781,1934615576,R1224YDZ&R1234ZEZ&R142B&R21&R245FA,0.080000;0.140000;0.140000;0.520000;0.120000,4.76705253948,5962063.29713,104886.614078,0,0.319711015659
70,123456781,1934615576,R123&R141B&R142B&R21&R245FA,0.020000;0.080000;0.120000;0.760000;0.020000,4.89680911337,5809205.4812,102107.308744,0,0.460551806476
70,123456781,1934615576,R1224YDZ&R1234ZEZ&R142B&R21&R245FA,0.100000;0.160000;0.060000;0.540000;0.140000,4.82569085693,5826357.36358,103612.107535,0,0.506795124895
70,123456781,1934615576,R1224YDZ&R1234ZEZ&R142B&R21&R245FA,0.100000;0.160000;0.080000;0.520000;0.140000,4.79833146227,5840165.5072,104202.888844,0,0.349074634969
70,123456781,1934615576,R1233ZDE&R1234ZEZ&R142B&R21&R245FA,0.080000;0.060000;0.240000;0.520000;0.100000,4.73176338136,6098355.61772,105668.851061,0,0.75411141962
70,123456781,1934615576,R1224YDZ&R1234ZEZ&R142B&R21&R245FA,0.080000;0.100000;0.300000;0.400000;0.120000,4.6100051151,6099662.92058,108459.749505,0,inf
70,123456781,1934615576,R1224YDZ&R1234ZEZ&R142B&R21&R245FA,0.120000;0.060000;0.180000;0.520000;0.120000,4.74532141799,5970149.4697,105366.940605,0,0.232437144075
70,123456781,1934615576,R123&R1233ZDE&R141B&R21&R245CA,0.060000;0.100000;0.080000;0.700000;0.060000,4.99403910092,5286421.11602,100119.36028,0,0.78134665562
70,123456781,1934615576,R1224YDZ&R123&R1233ZDE&R21&R245CA,0.040000;0.120000;0.060000;0.640000;0.140000,4.98171296891,5322529.21763,100367.083194,0,0.57879416006
70,123456781,1934615576,R1224YDZ&R123&R141B&R245CA&R365MFC,0.080000;0.160000;0.580000;0.140000;0.040000,5.00417231258,3445243.0577,99916.6233231,0,inf
71,123456781,1442762148,R123&R1233ZDE&R21&R245FA&RE245FA2,0.080000;0.080000;0.680000;0.100000;0.060000,4.96410719529,5470387.77724,100723.046528,0,0.551862424853
71,123456781,1442762148,R1224YDZ&R1234ZEZ&R142B&R21&R245FA,0.160000;0.080000;0.140000;0.500000;0.120000,4.74571561738,5844036.81421,105358.188377,0,0.232010197456
71,123456781,1442762148,R123&R1233ZDE&R142B&R21&RE245FA2,0.080000;0.060000;0.160000;0.620000;0.080000,4.80769283876,5631067.07237,103999.988512,0,0.238039053702
71,123456781,1442762148,R1233ZDE&R1234ZEZ&R142B&R21&R245FA,0.080000;0.140000;0.200000;0.480000;0.100000,4.71727532647,6005979.80546,105993.389276,0,0.749899513918
71,123456781,1442762148,R1224YDZ&R123&R1233ZDE&R21&R245CA,0.140000;0.100000;0.060000;0.620000;0.080000,4.96554069317,5326900.74395,100693.968874,0,0.734111538173
71,123456781,1442762148,R123&R1233ZDE&R142B&R21&R245FA,0.100000;0.100000;0.160000;0.540000;0.100000,4.76467668885,5670239.35557,104938.914569,0,0.285326659405
71,123456781,1442762148,R1233ZDE&R1234ZEZ&R21&R245CA&R245FA,0.140000;0.220000;0.440000;0.040000;0.160000,4.81887757522,5514829.31619,103758.601914,0,0.575149041331
71,123456781,1442762148,R1233ZDE&R1234ZEZ&R142B&R21&R245FA,0.080000;0.140000;0.160000;0.460000;0.160000,4.72118484138,5906556.13397,105905.618356,0,0.154573690229
71,123456781,1442762148,R1234ZEZ&R142B&R21&R245CA&R245FA,0.080000;0.360000;0.300000;0.060000;0.200000,4.51886832975,6021816.25587,110647.171706,0,0.884318996569
71,123456781,1442762148,R123&R141B&R245CA&R365MFC&RE245FA2,0.060000;0.600000;0.040000;0.140000;0.160000,5.06076363428,3243038.13479,98799.3188643,0,inf
71,123456781,1442762148,R1234ZEZ&R142B&R21&R245CA&R245FA,0.100000;0.400000;0.260000;0.040000;0.200000,4.47274662478,6069092.50156,111788.134215,0,inf
71,123456781,1442762148,R1224YDZ&R123&R1233ZDE&R1234ZEZ&R245CA,0.240000;0.220000;0.160000;0.140000;0.240000,5.05670474647,4242081.88934,98878.6225553,0,1.0451821724
72,123456781,279105037,R123&R142B&R21&R245FA&R365MFC,0.020000;0.820000;0.100000;0.040000;0.020000,4.24888727392,6506903.53583,117677.868996,0,inf
72,123456781,279105037,R1224YDZ&R21&R365MFC&RE245FA2&RE347MCCHFE7000,0.060000;0.820000;0.060000;0.040000;0.020000,4.96888385272,5395174.1799,100626.220057,0,0.781138552103
72,123456781,279105037,R123&R1234ZEZ&R142B&R21&R245FA,0.040000;0.160000;0.540000;0.200000;0.060000,4.37653168902,6278677.88884,114245.71682,0,0.292383859434
72,123456781,279105037,R1224YDZ&R123&R1234ZEZ&R21&RE347MCCHFE7000,0.060000;0.060000;0.140000;0.700000;0.040000,4.91823362027,5467471.45973,101662.515164,0,0.261901650471
72,123456781,279105037,R1224YDZ&R1234ZEZ&R142B&R21&R245FA,0.060000;0.120000;0.220000;0.480000;0.120000,4.70236412999,6077593.76468,106329.494309,0,0.292604737661
72,123456781,279105037,R1224YDZ&R1234ZEZ&R142B&R21&R245FA,0.080000;0.120000;0.160000;0.520000;0.120000,4.75714198933,5992979.98076,105105.124279,0,0.395318345681
72,123456781,279105037,R1224YDZ&R1234ZEZ&R142B&R21&R245FA,0.120000;0.100000;0.420000;0.340000;0.020000,4.51944204853,6213709.33182,110633.125645,0,0.272533238068
72,123456781,279105037,R123&R142B&R21&R245FA&R365MFC,0.040000;0.720000;0.140000;0.080000;0.020000,4.2887249037,6319649.0531,116584.768487,0,0.357830294506
72,123456781,279105037,R1224YDZ&R123&R1234ZEZ&R1336MZZZ&R141B,0.060000;0.120000;0.020000;0.140000;0.660000,5.0171394172,3366469.08909,99658.3826803,0,inf
72,123456781,279105037,R1224YDZ&R123&R141B&R21&R365MFC,0.080000;0.120000;0.640000;0.120000;0.040000,4.99098292586,3569995.44112,100180.667301,0,0.681343352533
72,123456781,279105037,R1233ZDE&R1234ZEZ&R142B&R21&R245FA,0.080000;0.120000;0.480000;0.260000;0.060000,4.45358321308,6244328.69234,112269.149599,0,0.407190358445
72,123456781,279105037,R1233ZDE&R1234ZEZ&R142B&R21&R245FA,0.100000;0.120000;0.380000;0.340000;0.060000,4.54319703434,6140717.42803,110054.658915,0,0.263025059852
72,123456781,279105037,R1224YDZ&R1233ZDE&R1234ZEZ&R21&R245FA,0.040000;0.120000;0.140000;0.560000;0.140000,4.89575359549,5656759.18234,102129.322942,0,0.338945291296
72,123456781,279105037,R1224YDZ&R123&R1233ZDE&R141B&R365MFC,0.080000;0.120000;0.120000;0.600000;0.080000,4.99991920461,3442008.98934,100001.615934,0,0.0251553629801
72,123456781,279105037,R1224YDZ&R1234ZEZ&R142B&R21&R245FA,0.060000;0.140000;0.300000;0.400000;0.100000,4.60998179118,6136481.75306,108460.29825,0,0.307598415691
72,123456781,279105037,R1224YDZ&R1234ZEZ&R142B&R21&R245FA,0.060000;0.120000;0.260000;0.440000;0.120000,4.65634719445,6103341.54715,107380.308882,0,0.257251548648
72,123456781,279105037,R1234ZEZ&R142B&R21&R245FA&R365MFC,0.140000;0.560000;0.200000;0.080000;0.020000,4.35147956848,6286060.26742,114903.446548,0,0.257147353461
72,123456781,279105037,R123&R1233ZDE&R1336MZZZ&R141B&RE245FA2,0.120000;0.160000;0.080000;0.560000;0.080000,5.00176562303,3426163.8914,99964.7000048,0,0.0655166511235
72,123456781,279105037,R1224YDZ&R142B&R21&R245FA&R365MFC,0.100000;0.120000;0.680000;0.040000;0.060000,4.80844869404,5678606.41643,103983.640424,0,0.45263001768
72,123456781,279105037,R123&R1336MZZZ&R141B&R21&RE245FA2,0.080000;0.100000;0.620000;0.120000;0.080000,4.99881460613,3482814.72891,100023.713499,0,0.0623228796036
73,123456781,2111711200,R123&R21&R245CA&R245FA&RE245FA2,0.020000;0.680000;0.040000;0.180000;0.080000,4.93685269362,5612233.39162,101279.100477,0,0.347260647515
73,123456781,2111711200,R1234ZEZ&R142B&R21&R245CA&R245FA,0.160000;0.220000;0.440000;0.040000;0.140000,4.67669422236,6035309.29503,106913.126287,0,0.559649705583
73,123456781,2111711200,R123&R1233ZDE&R21&R245CA&RE245FA2,0.040000;0.160000;0.640000;0.060000;0.100000,4.97591467447,5281809.33227,100484.038154,0,0.681932080418
73,123456781,2111711200,R123&R142B&R21&R245CA&R245FA,0.040000;0.080000;0.660000;0.060000;0.160000,4.9002530347,5862683.29859,102035.547238,0,0.48216598825
73,123456781,2111711200,R1224YDZ&R1233ZDE&R141B&R245CA&R245FA,0.040000;0.060000;0.800000;0.060000;0.040000,5.08819170314,3392010.29521,98266.7378061,0,inf
73,123456781,2111711200,R1234ZEZ&R142B&R21&R245CA&R245FA,0.100000;0.300000;0.420000;0.080000;0.100000,4.63357452237,6085907.10893,107908.051891,0,0.0594488855342
73,123456781,2111711200,R123&R1233ZDE&R141B&R245CA&R245FA,0.060000;0.060000;0.680000;0.060000;0.140000,4.98788814392,3497684.96125,100242.825335,0,0.128418365745
73,123456781,2111711200,R1234ZEZ&R142B&R21&R245CA&R245FA,0.100000;0.120000;0.560000;0.060000;0.160000,4.81384971568,5952180.10741,103866.973323,0,0.735313841073
73,123456781,2111711200,R1224YDZ&R123&R1233ZDE&R141B&R245CA,0.060000;0.080000;0.140000;0.600000;0.120000,4.97685973039,3521555.32447,100464.957239,0,0.637965353616
73,123456781,2111711200,R1233ZDE&R1234ZEZ&R142B&R21&R245FA,0.060000;0.160000;0.420000;0.280000;0.080000,4.48190947197,6194890.07377,111559.593768,0,0.342834063262
73,123456781,2111711200,R1233ZDE&R1234ZEZ&R142B&R21&R245FA,0.060000;0.120000;0.300000;0.420000;0.100000,4.63299873096,6140672.02659,107921.462758,0,0.272299263332
73,123456781,2111711200,R1233ZDE&R1234ZEZ&R142B&R21&R245FA,0.060000;0.100000;0.520000;0.240000;0.080000,4.43204952356,6302125.37123,112814.623876,0,inf
73,123456781,2111711200,R1234ZEZ&R142B&R21&R245CA&R245FA,0.040000;0.420000;0.360000;0.120000;0.060000,4.55360221265,6144541.39249,109803.179252,0,0.498979680901
73,123456781,2111711200,R1224YDZ&R123&R1233ZDE&R141B&R245CA,0.060000;0.140000;0.060000;0.660000;0.080000,5.04877397979,3442877.47305,99033.9440825,0,0.206536917173
73,123456781,2111711200,R1233ZDE&R1234ZEZ&R142B&R21&R245FA,0.080000;0.100000;0.480000;0.260000;0.080000,4.45627776874,6230869.90806,112201.264362,0,0.199107608204
73,123456781,2111711200,R1224YDZ&R1234ZEZ&R142B&R21&R245FA,0.060000;0.220000;0.240000;0.420000;0.060000,4.64499331681,6076613.77663,107642.781356,0,0.151493586773
73,123456781,2111711200,R1224YDZ&R123&R1233ZDE&R141B&R245CA,0.060000;0.160000;0.080000;0.620000;0.080000,5.02573746504,3471785.1478,99487.8867983,0,0.194723801011
73,123456781,2111711200,R1233ZDE&R1234ZEZ&R141B&R21&R245CA,0.040000;0.060000;0.060000;0.680000;0.160000,4.97022651447,5449815.71321,100599.036793,0,0.227727494993
73,123456781,2111711200,R1224YDZ&R123&R1233ZDE&R141B&R245CA,0.080000;0.160000;0.100000;0.580000;0.080000,4.98638739404,3513921.59979,100272.995355,0,0.0402795286365
74,123456781,503884183,R123&R1233ZDE&R141B&R21&RE245FA2,0.180000;0.100000;0.500000;0.080000;0.140000,4.9556221327,3563567.58185,100895.505471,0,0.634197366598
74,123456781,503884183,R1224YDZ&R1234ZEZ&R142B&R21&R245FA,0.040000;0.100000;0.600000;0.180000;0.080000,4.35965496675,6385858.76812,114687.975038,0,inf
74,123456781,503884183,R123&R142B&R21&R245CA&R245FA,0.040000;0.300000;0.540000;0.020000;0.100000,4.71784736207,6180863.52904,105980.537654,0,0.119852797195
74,123456781,503884183,R123&R142B&R21&R245CA&R245FA,0.020000;0.320000;0.520000;0.020000;0.120000,4.70497941688,6249874.31124,106270.390516,0,0.380054791229
74,123456781,503884183,R123&R1234ZEZ&R141B&RE245FA2&RE347MCCHFE7000,0.100000;0.200000;0.580000;0.080000;0.040000,5.77260510052,3419527.06148,86616.0063427,0,0.220998561538
74,123456781,503884183,R123&R1234ZEZ&R21&R245CA&R245FA,0.020000;0.140000;0.620000;0.040000;0.180000,4.9270757475,5792034.01963,101480.071674,0,0.489053905883
74,123456781,503884183,R123&R1234ZEZ&R141B&RE245FA2&RE347MCCHFE7000,0.140000;0.200000;0.480000;0.140000;0.040000,5.74963195104,3436466.87017,86962.0880532,0,1.01546277911
74,123456781,503884183,R123&R1233ZDE&R1234ZEZ&R21&R245CA,0.020000;0.180000;0.080000;0.580000;0.140000,4.95499578203,5415432.3452,100908.259461,0,0.745420701986
74,123456781,503884183,R1224YDZ&R1234ZEZ&R142B&R21&R245FA,0.060000;0.080000;0.480000;0.300000;0.080000,4.48651559532,6321757.87827,111445.060064,0,0.552501405696
74,123456781,503884183,R1224YDZ&R123&R1233ZDE&R141B&R245CA,0.040000;0.180000;0.140000;0.540000;0.100000,4.98302154585,3534633.61686,100340.726083,0,1.0291869835
74,123456781,503884183,R123&R1234ZEZ&R365MFC&RE245FA2&RE347MCCHFE7000,0.200000;0.300000;0.300000;0.120000;0.080000,5.88572006969,3234108.03286,84951.3728277,0,inf
74,123456781,503884183,R1224YDZ&R141B&R142B&R21&R245FA,0.040000;0.060000;0.240000;0.580000;0.080000,4.72479664719,5960298.75982,105824.660263,0,0.411816881377
75,123456781,831591334,R1224YDZ&R1233ZDE&R1234ZEZ&R142B&R21,0.040000;0.040000;0.140000;0.540000;0.240000,4.4169409273,6365418.0084,113200.517786,0,0.688526939974
75,123456781,831591334,R1224YDZ&R1233ZDE&R1234ZEZ&R21&R245FA,0.060000;0.060000;0.140000;0.720000;0.020000,5.02122315628,5836674.70877,99577.3309486,0,0.267815104952
75,123456781,831591334,R1233ZDE&R1234ZEZ&R142B&R21&R245FA,0.060000;0.120000;0.300000;0.480000;0.040000,4.67635323672,6219558.33084,106920.922071,0,0.168276111921
75,123456781,831591334,R1224YDZ&R1233ZDE&R142B&R21&R245FA,0.060000;0.040000;0.360000;0.480000;0.060000,4.66056535829,6245148.44376,107283.121587,0,0.362634293454
75,123456781,831591334,R1233ZDE&R1234ZEZ&R142B&R21&R245FA,0.060000;0.120000;0.240000;0.540000;0.040000,4.74304303583,6170387.76306,105417.554979,0,0.167030397208
75,123456781,831591334,R1224YDZ&R1234ZEZ&R142B&R21&R245FA,0.080000;0.120000;0.160000;0.600000;0.040000,4.81725738117,6076004.23956,103793.499171,0,0.108894484038
75,123456781,831591334,R123&R141B&R142B&R21&R245FA,0.020000;0.020000;0.660000;0.220000;0.080000,4.39092426735,6434562.02613,113871.242034,0,inf
75,123456781,831591334,R1233ZDE&R1234ZEZ&R142B&R21&R245FA,0.060000;0.140000;0.200000;0.560000;0.040000,4.77496137957,6121422.91661,104712.888808,0,0.178431174711
75,123456781,831591334,R1224YDZ&R1234ZEZ&R142B&R21&R245FA,0.060000;0.160000;0.140000;0.600000;0.040000,4.82955700535,6072294.49124,103529.164154,0,0.230399629077
75,123456781,831591334,R1224YDZ&R1233ZDE&R142B&R21&R245FA,0.080000;0.080000;0.140000;0.660000;0.040000,4.8775900972,5943822.91396,102509.638989,0,0.193782154669
75,123456781,831591334,R1224YDZ&R1233ZDE&R142B&R21&R245FA,0.080000;0.060000;0.160000;0.640000;0.060000,4.85041288855,5992310.17727,103084.007792,0,0.264153865221
75,123456781,831591334,R1224YDZ&R1233ZDE&R142B&R21&R245FA,0.060000;0.060000;0.220000;0.620000;0.040000,4.80870541334,6101429.80746,103978.089116,0,0.200425020274
75,123456781,831591334,R1224YDZ&R1233ZDE&R142B&R21&R245FA,0.080000;0.080000;0.160000;0.660000;0.020000,4.8672481851,5975481.33472,102727.451115,0,0.157374725928
75,123456781,831591334,R1224YDZ&R1234ZEZ&R142B&R21&R245FA,0.080000;0.120000;0.380000;0.400000;0.020000,4.58247977221,6272277.9811,109111.229041,0,0.485491215758
75,123456781,831591334,R1233ZDE&R1234ZEZ&R142B&R21&R245FA,0.040000;0.120000;0.260000;0.520000;0.060000,4.7215935455,6214806.70672,105896.451099,0,0.285186181628
75,123456781,831591334,R1233ZDE&R1234ZEZ&R142B&R21&R245FA,0.060000;0.140000;0.300000;0.480000;0.020000,4.67466855304,6228140.38345,106959.454842,0,0.0894361221877
75,123456781,831591334,R1224YDZ&R1234ZEZ&R142B&R21&R245FA,0.060000;0.140000;0.220000;0.540000;0.040000,4.7462868588,6156454.26227,105345.507946,0,0.131172768872
75,123456781,831591334,R1224YDZ&R1234ZEZ&R142B&R21&R245FA,0.060000;0.140000;0.200000;0.560000;0.040000,4.76992229545,6139496.23026,104823.510537,0,0.143055478591
75,123456781,831591334,R1224YDZ&R1234ZEZ&R142B&R21&R245FA,0.020000;0.160000;0.400000;0.360000;0.060000,4.55249277263,6334995.97709,109829.938228,0,0.688214791869
75,123456781,831591334,R1224YDZ&R1233ZDE&R1234ZEZ&R142B&R21,0.080000;0.100000;0.060000;0.020000;0.740000,5.02612406023,5785275.74066,99480.2344726,0,inf
75,123456781,831591334,R1233ZDE&R1234ZEZ&R142B&R21&R245FA,0.120000;0.080000;0.040000;0.700000;0.060000,4.97356493347,5858008.72375,100531.511439,0,0.25721761597
75,123456781,831591334,R1233ZDE&R1234ZEZ&R142B&R21&R245FA,0.100000;0.080000;0.040000;0.680000;0.100000,4.95377053769,5873559.87964,100933.217677,0,0.307109987988
75,123456781,831591334,R1234ZEZ&R142B&R21&R245CA&R245FA,0.080000;0.080000;0.640000;0.100000;0.100000,4.89794657213,5910089.53331,102083.596184,0,0.337689370825
76,123456781,2518401879,R123&R1336MZZZ&R141B&R245FA&RE245FA2,0.400000;0.020000;0.420000;0.020000;0.140000,5.01395703074,3428976.45207,99721.6364111,0,0.0321230641969
76,123456781,2518401879,R1233ZDE&R1234ZEZ&R141B&R21&R245FA,0.120000;0.100000;0.020000;0.640000;0.120000,4.94546744481,5675073.90212,101102.677468,0,0.497286770241
76,123456781,2518401879,R1224YDZ&R123&R1233ZDE&R141B&R21,0.120000;0.080000;0.040000;0.040000;0.720000,5.0095330076,5412121.95817,99809.7026691,0,0.964300589595
76,123456781,2518401879,R1224YDZ&R1233ZDE&R1234ZEZ&R141B&R21,0.100000;0.060000;0.120000;0.060000;0.660000,4.95825407151,5526955.9184,100841.948151,0,0.36200549346
76,123456781,2518401879,R1233ZDE&R1234ZEZ&R142B&R21&R245FA,0.100000;0.100000;0.240000;0.460000;0.100000,4.68621520863,6018063.71683,106695.910824,0,0.0432512753087
76,123456781,2518401879,R1233ZDE&R1234ZEZ&R141B&R142B&R21,0.040000;0.100000;0.040000;0.340000;0.480000,4.63455214911,6169448.73316,107885.289433,0,0.1396513816
76,123456781,2518401879,R1233ZDE&R1234ZEZ&R142B&R21&R245FA,0.060000;0.120000;0.280000;0.440000;0.100000,4.65522281565,6127767.5093,107406.244513,0,0.178014539044
76,123456781,2518401879,R1233ZDE&R1234ZEZ&R142B&R21&R245FA,0.100000;0.100000;0.260000;0.440000;0.100000,4.66327323608,6031410.93812,107220.824234,0,0.174808262521
76,123456781,2518401879,R1233ZDE&R1234ZEZ&R142B&R21&R245FA,0.060000;0.100000;0.320000;0.420000;0.100000,4.62759579975,6171620.10417,108047.466036,0,0.161935701508
76,123456781,2518401879,R1233ZDE&R1234ZEZ&R142B&R21&R245FA,0.040000;0.180000;0.120000;0.500000;0.160000,4.77028419616,5937240.58412,104815.558034,0,0.404666817891
76,123456781,2518401879,R1234ZEZ&R141B&R142B&R21&R245FA,0.120000;0.040000;0.120000;0.600000;0.120000,4.81378398181,5925795.99452,103868.391662,0,0.453795954632
76,123456781,2518401879,R1234ZEZ&R142B&R21&R245CA&R245FA,0.140000;0.180000;0.480000;0.060000;0.140000,4.72531236896,5977754.56528,105813.110533,0,0.358358330779
76,123456781,2518401879,R1234ZEZ&R142B&R21&R245CA&R245FA,0.160000;0.220000;0.460000;0.100000;0.060000,4.69245187674,5981758.30873,106554.102873,0,0.187380955123
76,123456781,2518401879,R1233ZDE&R1234ZEZ&R142B&R21&R245FA,0.080000;0.080000;0.360000;0.400000;0.080000,4.60030297858,6190183.28479,108688.493416,0,inf
76,123456781,2518401879,R1224YDZ&R1234ZEZ&R21&R245CA&R245FA,0.060000;0.200000;0.520000;0.040000;0.180000,4.85507196134,5693530.62917,102985.085284,0,0.651354954745
76,123456781,2518401879,R123&R1336MZZZ&R141B&R245CA&R245FA,0.160000;0.060000;0.660000;0.060000;0.060000,5.06413504839,3392838.95792,98733.5438771,0,inf
76,123456781,2518401879,R123&R141B&R21&R245CA&RE245FA2,0.120000;0.600000;0.020000;0.160000;0.100000,5.0397342396,3413893.25494,99211.5806567,0,0.206553507767
76,123456781,2518401879,R123&R1336MZZZ&R141B&R245CA&R245FA,0.220000;0.040000;0.560000;0.120000;0.060000,5.01213097798,3459002.53488,99757.9676583,0,0.727323112555
76,123456781,2518401879,R123&R1336MZZZ&R141B&R245CA&R245FA,0.180000;0.080000;0.600000;0.060000;0.080000,5.01696383364,3425293.2651,99661.8705216,0,0.112202810795
76,123456781,2518401879,R1234ZEZ&R142B&R21&R245CA&R245FA,0.100000;0.240000;0.460000;0.080000;0.120000,4.68614477617,6024410.55491,106697.514456,0,0.106962084762
77,123456781,1158443198,R1234ZEZ&R142B&R21&R245CA&R245FA,0.060000;0.160000;0.520000;0.080000;0.180000,4.76481993422,5936258.70921,104935.759777,0,0.13203309817
77,123456781,1158443198,R1234ZEZ&R142B&R21&R245CA&R245FA,0.080000;0.180000;0.520000;0.060000;0.160000,4.75629449385,6008268.54907,105123.852328,0,0.0757505987144
77,123456781,1158443198,R1234ZEZ&R142B&R21&R245CA&R245FA,0.120000;0.180000;0.520000;0.040000;0.140000,4.75580505789,6050247.95259,105134.670979,0,0.327918803025
77,123456781,1158443198,R1234ZEZ&R142B&R21&R245CA&R245FA,0.080000;0.440000;0.360000;0.060000;0.060000,4.55007754124,6303143.11121,109888.237171,0,inf
77,123456781,1158443198,R1224YDZ&R123&R141B&R21&R365MFC,0.040000;0.040000;0.600000;0.020000;0.300000,5.01706589772,3222298.68744,99659.8430622,0,inf
77,123456781,1158443198,R123&R1233ZDE&R141B&R21&R365MFC,0.420000;0.080000;0.360000;0.040000;0.100000,4.99772366954,3488716.58323,100045.547345,0,0.864723623546
77,123456781,1158443198,R1234ZEZ&R142B&R21&R245CA&R245FA,0.120000;0.260000;0.480000;0.020000;0.120000,4.693784623,6184455.53689,106523.848059,0,0.91413738294
77,123456781,1158443198,R1233ZDE&R1336MZZZ&R141B&R142B&R21,0.120000;0.020000;0.040000;0.060000;0.760000,4.96998267962,5657765.90957,100603.972334,0,0.601751844104
77,123456781,1158443198,R1233ZDE&R1234ZEZ&R142B&R21&R245CA,0.160000;0.060000;0.140000;0.540000;0.100000,4.81224819948,5709818.65939,103901.540252,0,0.235144628764
77,123456781,1158443198,R1233ZDE&R1234ZEZ&R142B&R21&R245CA,0.140000;0.060000;0.160000;0.560000;0.080000,4.81040463769,5811712.34021,103941.35996,0,0.204159716146
77,123456781,1158443198,R1233ZDE&R1234ZEZ&R1336MZZZ&R141B&R21,0.120000;0.080000;0.040000;0.040000;0.720000,4.98439531743,5474085.77074,100313.070725,0,0.818043368436
77,123456781,1158443198,R1234ZEZ&R142B&R21&R245CA&R245FA,0.120000;0.140000;0.520000;0.120000;0.100000,4.77630897445,5866218.94649,104683.344958,0,0.235259812549
77,123456781,1158443198,R1233ZDE&R1336MZZZ&R142B&R21&R245FA,0.120000;0.040000;0.080000;0.640000;0.120000,4.85503475487,5669501.97366,102985.874509,0,0.677058746064
77,123456781,1158443198,R1234ZEZ&R142B&R21&R245CA&R245FA,0.080000;0.400000;0.360000;0.080000;0.080000,4.55796210805,6186798.87949,109698.147582,0,0.675182406588
78,123456781,372586635,R123&R1234ZEZ&R142B&R21&R245FA,0.060000;0.140000;0.260000;0.480000;0.060000,4.6732955299,6065230.97384,106990.879734,0,0.0661075313918
78,123456781,372586635,R1234ZEZ&R142B&R21&R245CA&R245FA,0.160000;0.300000;0.420000;0.040000;0.080000,4.63136019284,6172261.821,107959.644506,0,0.916515165571
78,123456781,372586635,R123&R1234ZEZ&R142B&R21&R245CA,0.020000;0.280000;0.100000;0.540000;0.060000,4.81810715794,5892586.82851,103775.192956,0,0.318307497482
78,123456781,372586635,R123&R142B&R21&R245CA&R245FA,0.060000;0.220000;0.560000;0.080000;0.080000,4.76067911589,5924424.66413,105027.032452,0,0.347468175058
78,123456781,372586635,R123&R1234ZEZ&R142B&R21&R245CA,0.040000;0.200000;0.240000;0.460000;0.060000,4.67402010246,5996124.75073,106974.293871,0,0.111223093565
78,123456781,372586635,R1234ZEZ&R142B&R21&R245CA&R245FA,0.160000;0.200000;0.460000;0.080000;0.100000,4.7011679595,5970189.91397,106356.548906,0,0.264639156075
78,123456781,372586635,R123&R141B&R21&R245CA&R245FA,0.420000;0.500000;0.040000;0.020000;0.020000,5.0607012366,3489567.67534,98800.5370449,0,inf
78,123456781,372586635,R123&R141B&R21&R245CA&R245FA,0.340000;0.460000;0.100000;0.060000;0.040000,4.95905612916,3645050.68743,100825.638383,0,0.71028703874
78,123456781,372586635,R1234ZEZ&R142B&R21&R245CA&R245FA,0.180000;0.260000;0.440000;0.080000;0.040000,4.65983392514,6070705.1607,107299.961336,0,0.155419098649
78,123456781,372586635,R123&R1233ZDE&R141B&R21&R245CA,0.360000;0.120000;0.420000;0.060000;0.040000,4.98620911191,3617991.22869,100276.58062,0,0.0449115813719
78,123456781,372586635,R1224YDZ&R1233ZDE&R142B&R21&R245CA,0.100000;0.080000;0.620000;0.180000;0.020000,4.35828089644,6196831.20744,114724.133639,0,0.890357231048
78,123456781,372586635,R123&R141B&R21&R245CA&R245FA,0.380000;0.480000;0.060000;0.040000;0.040000,5.00158712642,3560536.03589,99968.2675443,0,0.219722941497
78,123456781,372586635,R123&R1233ZDE&R141B&R21&R245CA,0.340000;0.140000;0.420000;0.060000;0.040000,4.97827431574,3631143.16509,100436.409946,0,0.0808284265743
78,123456781,372586635,R1224YDZ&R1233ZDE&R1234ZEZ&R21&R245CA,0.120000;0.140000;0.060000;0.600000;0.080000,4.95840115912,5480427.77033,100838.956743,0,0.884924263358
78,123456781,372586635,R1233ZDE&R1234ZEZ&R21&R245CA&R245FA,0.020000;0.380000;0.480000;0.020000;0.100000,4.85241583491,5728301.92826,103041.457495,0,0.290593972306
78,123456781,372586635,R1224YDZ&R1234ZEZ&R21&R245CA&R245FA,0.140000;0.080000;0.560000;0.100000;0.120000,4.88464172081,5577949.76018,102361.652825,0,0.369743583851
78,123456781,372586635,R123&R1233ZDE&R141B&R21&R245CA,0.360000;0.080000;0.440000;0.080000;0.040000,4.99364482509,3617909.71595,100127.265257,0,0.0606091818739
78,123456781,372586635,R1233ZDE&R1234ZEZ&R142B&R21&R245FA,0.100000;0.120000;0.600000;0.160000;0.020000,4.34053870917,6299454.31245,115193.074754,0,inf
79,123456781,1322903914,R123&R1234ZEZ&R245CA&R365MFC&RE347MCCHFE7000,0.140000;0.440000;0.140000;0.260000;0.020000,5.60690017794,3625569.75177,89175.8340852,0,inf
79,123456781,1322903914,R1224YDZ&R1234ZEZ&R141B&R21&R245FA,0.220000;0.040000;0.020000;0.660000;0.060000,4.94994215248,5602961.55079,101011.281465,0,0.0460363061764
79,123456781,1322903914,R1233ZDE&R1234ZEZ&R141B&R21&R245FA,0.140000;0.060000;0.040000;0.660000;0.100000,4.95436799584,5579233.18155,100921.045917,0,0.0831604063453
79,123456781,1322903914,R1224YDZ&R1234ZEZ&R142B&R21&R245FA,0.080000;0.040000;0.340000;0.440000;0.100000,4.63276494463,6205642.87195,107926.908871,0,0.254546902988
79,123456781,1322903914,R1234ZEZ&R141B&R142B&R21&R245FA,0.160000;0.020000;0.180000;0.500000;0.140000,4.72537988583,6016383.927,105811.598661,0,0.100152491477
79,123456781,1322903914,R1233ZDE&R1234ZEZ&R142B&R21&R245FA,0.140000;0.040000;0.160000;0.560000;0.100000,4.79823573971,5907569.45291,104204.967643,0,0.15233296267
79,123456781,1322903914,R1233ZDE&R1234ZEZ&R21&R245CA&R245FA,0.180000;0.100000;0.600000;0.020000;0.100000,4.93866519035,5619079.86964,101241.930912,0,0.153357302147
79,123456781,1322903914,R1233ZDE&R1234ZEZ&R142B&R21&R245FA,0.180000;0.080000;0.040000;0.580000;0.120000,4.88789449576,5684656.93021,102293.533634,0,0.21015957579
79,123456781,1322903914,R1233ZDE&R1234ZEZ&R142B&R21&R245FA,0.180000;0.100000;0.060000;0.540000;0.120000,4.84537355701,5686322.67147,103191.218204,0,0.149738792321
79,123456781,1322903914,R1233ZDE&R1234ZEZ&R142B&R21&R245FA,0.120000;0.060000;0.160000;0.540000;0.120000,4.78257181784,5921850.71377,104546.260682,0,0.0949558687408
79,123456781,1322903914,R1233ZDE&R1234ZEZ&R142B&R21&R245FA,0.120000;0.060000;0.220000;0.500000;0.100000,4.7256172888,5986126.45332,105806.282956,0,0.0330237932963
79,123456781,1322903914,R1233ZDE&R1234ZEZ&R142B&R21&R245FA,0.140000;0.140000;0.080000;0.540000;0.100000,4.83085339844,5778764.65307,103501.381384,0,0.179899104891
79,123456781,1322903914,R1234ZEZ&R142B&R21&R245CA&R245FA,0.080000;0.400000;0.360000;0.060000;0.100000,4.55936010172,6215614.12402,109664.511871,0,inf
79,123456781,1322903914,R1234ZEZ&R142B&R21&R245CA&R245FA,0.080000;0.260000;0.480000;0.080000;0.100000,4.69512638366,6083275.4558,106493.405958,0,0.168910859302
79,123456781,1322903914,R1234ZEZ&R142B&R21&R245CA&R245FA,0.140000;0.160000;0.500000;0.060000;0.140000,4.74985839653,5965809.50065,105266.296015,0,0.0619979495103
79,123456781,1322903914,R1233ZDE&R1234ZEZ&R142B&R21&R245FA,0.120000;0.080000;0.180000;0.520000;0.100000,4.75797166463,5942481.35874,105086.796485,0,0.0833440999374
79,123456781,1322903914,R123&R1233ZDE&R1234ZEZ&R21&R245CA,0.060000;0.140000;0.100000;0.600000;0.100000,4.9590504501,5433545.8731,100825.753848,0,1.95046963931
79,123456781,1322903914,R123&R1234ZEZ&R142B&R21&R245FA,0.040000;0.060000;0.300000;0.480000;0.120000,4.67069925341,6162077.50231,107050.352179,0,0.176742226558
79,123456781,1322903914,R123&R1234ZEZ&R142B&R21&R245FA,0.060000;0.060000;0.200000;0.520000;0.160000,4.73262081279,5969219.38151,105649.706532,0,0.0573406150133
80,123456781,1570279518,R1233ZDE&R1234ZEZ&R142B&R21&R245FA,0.060000;0.100000;0.100000;0.700000;0.040000,4.92877385127,6053645.16319,101445.108883,0,1.09180165219
80,123456781,1570279518,R1224YDZ&R1234ZEZ&R142B&R21&R245FA,0.040000;0.040000;0.360000;0.440000;0.120000,4.63310343251,6284928.63328,107919.023886,0,inf
80,123456781,1570279518,R1233ZDE&R1234ZEZ&R142B&R21&R245FA,0.100000;0.100000;0.320000;0.460000;0.020000,4.6530568935,6170418.32941,107456.240369,0,0.947793445031
80,123456781,1570279518,R1233ZDE&R1234ZEZ&R142B&R21&R245FA,0.080000;0.120000;0.180000;0.580000;0.040000,4.79948803585,6069137.38479,104177.778185,0,0.781850185392
80,123456781,1570279518,R1224YDZ&R1233ZDE&R1234ZEZ&R21&R245FA,0.060000;0.080000;0.140000;0.660000;0.060000,4.97416282033,5767952.37328,100519.427703,0,1.16483699385
80,123456781,1570279518,R1233ZDE&R1336MZZZ&R141B&R21&RE347MCCHFE7000,0.080000;0.160000;0.640000;0.080000;0.040000,4.98108021485,3405109.1598,100379.832975,0,inf
80,123456781,1570279518,R1224YDZ&R1234ZEZ&R142B&R21&R245FA,0.060000;0.080000;0.320000;0.440000;0.100000,4.63837607818,6205359.36189,107796.347595,0,0.158488083029
80,123456781,1570279518,R1224YDZ&R1234ZEZ&R142B&R21&R245FA,0.040000;0.100000;0.180000;0.580000;0.100000,4.79584924428,6131144.55398,104256.821792,0,0.89083238997
80,123456781,1570279518,R1234ZEZ&R1336MZZZ&R141B&R21&R245CA,0.040000;0.020000;0.660000;0.040000;0.240000,4.97808614673,3491080.87211,100440.206389,0,0.858877874814
81,123456781,1104157398,R1233ZDE&R142B&R21&R245CA&R245FA,0.080000;0.040000;0.780000;0.040000;0.060000,5.02927552653,5910210.10353,99417.8977395,0,inf
81,123456781,1104157398,R1234ZEZ&R142B&R21&R245CA&R245FA,0.120000;0.060000;0.700000;0.060000;0.060000,4.95560274442,5994415.52801,100895.900214,0,0.83918599212
81,123456781,1104157398,R1234ZEZ&R142B&R21&R245CA&R245FA,0.180000;0.160000;0.560000;0.040000;0.060000,4.79601301782,6081419.08226,104253.261645,0,0.71162074861
81,123456781,1104157398,R1224YDZ&R1234ZEZ&R142B&R21&R245FA,0.040000;0.140000;0.060000;0.680000;0.080000,4.93484940998,6016923.5932,101320.214349,0,0.385536617685
81,123456781,1104157398,R1234ZEZ&R142B&R21&R245CA&R245FA,0.120000;0.220000;0.520000;0.060000;0.080000,4.73954611448,6102240.48025,105495.333925,0,0.516892886752
81,123456781,1104157398,R1234ZEZ&R142B&R21&R245CA&R245FA,0.160000;0.220000;0.500000;0.040000;0.080000,4.72332530567,6119718.72455,105857.62522,0,0.603641399004
81,123456781,1104157398,R1234ZEZ&R142B&R21&R245CA&R245FA,0.120000;0.140000;0.600000;0.060000;0.080000,4.83574809098,6042397.29697,103396.618391,0,0.527126220961
81,123456781,1104157398,R1224YDZ&R1234ZEZ&R142B&R21&R245FA,0.040000;0.180000;0.260000;0.440000;0.080000,4.65605033293,6147393.63152,107387.15526,0,0.701712745499
81,123456781,1104157398,R1234ZEZ&R142B&R21&R245CA&R245FA,0.120000;0.300000;0.440000;0.020000;0.120000,4.64959289295,6209826.66926,107536.296513,0,inf
81,123456781,1104157398,R1234ZEZ&R142B&R21&R245CA&R245FA,0.100000;0.100000;0.660000;0.060000;0.080000,4.9006915557,6024874.2617,102026.416949,0,0.415082154668
81,123456781,1104157398,R1224YDZ&R1234ZEZ&R142B&R21&R245FA,0.040000;0.140000;0.100000;0.620000;0.100000,4.86602059383,6034082.88719,102753.367019,0,0.398308878477
82,123456781,2460579903,R1224YDZ&R141B&R142B&R21&R245CA,0.060000;0.040000;0.240000;0.640000;0.020000,4.78255028311,6051357.31342,104546.73143,0,0.280851475308
82,123456781,2460579903,R123&R141B&R245FA&R365MFC&RE245FA2,0.200000;0.580000;0.060000;0.120000;0.040000,5.03727780949,3346597.2483,99259.9612151,0,0.199629647864
82,123456781,2460579903,R123&R1233ZDE&R21&R245CA&RE245FA2,0.060000;0.120000;0.680000;0.060000;0.080000,4.99980746162,5355014.13094,100003.850916,0,1.04030740597
82,123456781,2460579903,R1233ZDE&R21&R245CA&R245FA&RE245FA2,0.140000;0.640000;0.080000;0.080000;0.060000,4.95657300334,5471490.32133,100876.149643,0,0.36315541021
82,123456781,2460579903,R1224YDZ&R1234ZEZ&R142B&R21&R245CA,0.060000;0.180000;0.200000;0.520000;0.040000,4.74270481214,6054307.06271,105425.072781,0,0.328408210983
82,123456781,2460579903,R123&R141B&R245FA&R365MFC&RE245FA2,0.200000;0.580000;0.080000;0.080000;0.060000,5.01875198826,3384215.09653,99626.3615276,0,0.895436030268
82,123456781,2460579903,R1234ZEZ&R142B&R21&R245CA&R245FA,0.180000;0.200000;0.480000;0.040000;0.100000,4.7162644215,6059934.5172,106016.108368,0,0.522749476791
82,123456781,2460579903,R1234ZEZ&R21&R245CA&R245FA&RE245FA2,0.140000;0.660000;0.060000;0.080000;0.060000,4.94822526966,5692991.72852,101046.32929,0,0.524184025782
82,123456781,2460579903,R123&R141B&R245CA&R365MFC&RE245FA2,0.100000;0.580000;0.080000;0.140000;0.100000,5.05378594979,3280119.94324,98935.7295634,0,inf
82,123456781,2460579903,R1224YDZ&R1234ZEZ&R142B&R21&R245CA,0.100000;0.160000;0.100000;0.540000;0.100000,4.81732024581,5769359.20961,103792.144696,0,0.30976741278
82,123456781,2460579903,R1234ZEZ&R142B&R21&R245CA&R245FA,0.140000;0.120000;0.560000;0.080000;0.100000,4.81686357568,5938080.54232,103801.984869,0,0.185315875337
82,123456781,2460579903,R1233ZDE&R142B&R21&R245CA&R245FA,0.120000;0.100000;0.600000;0.080000;0.100000,4.86830157319,5764842.52207,102705.223266,0,0.65230153519
82,123456781,2460579903,R1234ZEZ&R142B&R21&R245CA&R245FA,0.140000;0.280000;0.420000;0.080000;0.080000,4.63828818302,6064487.23522,107798.390327,0,inf
82,123456781,2460579903,R1234ZEZ&R142B&R21&R245CA&R245FA,0.120000;0.160000;0.560000;0.080000;0.080000,4.79672056886,6007265.42346,104237.883534,0,0.207298645055
83,123456781,2358326582,R1224YDZ&R123&R1233ZDE&R21&R245FA,0.100000;0.040000;0.060000;0.760000;0.040000,5.04307038729,5687546.38,99145.9491147,0,inf
83,123456781,2358326582,R1233ZDE&R1234ZEZ&R142B&R21&R245FA,0.060000;0.120000;0.180000;0.580000;0.060000,4.79937691009,6097836.65972,104180.190339,0,0.362484787397
83,123456781,2358326582,R1233ZDE&R1234ZEZ&R142B&R21&R245FA,0.040000;0.120000;0.200000;0.580000;0.060000,4.78984232453,6164047.06914,104387.569804,0,1.11262909964
83,123456781,2358326582,R1224YDZ&R1233ZDE&R1234ZEZ&R21&R245FA,0.060000;0.060000;0.160000;0.620000;0.100000,4.93857656941,5766764.4123,101243.747661,0,0.541861310751
83,123456781,2358326582,R123&R1234ZEZ&R142B&R21&R245FA,0.060000;0.140000;0.120000;0.640000;0.040000,4.85748608257,5967631.44331,102933.902743,0,0.357746509438
83,123456781,2358326582,R1224YDZ&R1233ZDE&R1234ZEZ&R21&R245FA,0.100000;0.080000;0.140000;0.620000;0.060000,4.94415096764,5696289.32071,101129.598039,0,0.604757373146
83,123456781,2358326582,R123&R1233ZDE&R142B&R21&R245FA,0.060000;0.080000;0.140000;0.660000;0.060000,4.86515694234,5866940.67952,102771.607561,0,0.388022298657
83,123456781,2358326582,R123&R1234ZEZ&R142B&R21&R245FA,0.020000;0.180000;0.100000;0.600000;0.100000,4.85105255003,6011484.28487,103070.415099,0,0.336385950004
83,123456781,2358326582,R123&R1233ZDE&R142B&R21&R245FA,0.060000;0.080000;0.120000;0.680000;0.060000,4.89104710315,5849314.59928,102227.598601,0,0.521690497712
83,123456781,2358326582,R1224YDZ&R1234ZEZ&R142B&R21&R245FA,0.060000;0.160000;0.140000;0.600000;0.040000,4.82955700535,6072294.49124,103529.164154,0,0.403176520062
83,123456781,2358326582,R1233ZDE&R1234ZEZ&R142B&R21&R245FA,0.060000;0.140000;0.340000;0.380000;0.080000,4.5873507338,6175112.93655,108995.37206,0,inf
84,123456781,2403816446,R1233ZDE&R1234ZEZ&R142B&R21&R245CA,0.040000;0.120000;0.340000;0.420000;0.080000,4.61899742418,6134181.269,108248.59901,0,inf
84,123456781,2403816446,R1224YDZ&R123&R141B&R21&RE347MCCHFE7000,0.080000;0.220000;0.660000;0.020000;0.020000,5.06628510184,3406126.74874,98691.6428802,0,inf
84,123456781,2403816446,R1233ZDE&R1234ZEZ&R142B&R21&R245CA,0.060000;0.040000;0.280000;0.500000;0.120000,4.70748784978,6003525.40378,106213.763255,0,0.116739988828
84,123456781,2403816446,R123&R1233ZDE&R141B&R21&RE347MCCHFE7000,0.220000;0.140000;0.540000;0.080000;0.020000,4.99909390623,3570348.22561,100018.12516,0,0.147800674519
84,123456781,2403816446,R123&R1233ZDE&R141B&R21&RE347MCCHFE7000,0.220000;0.100000;0.620000;0.040000;0.020000,5.06378696299,3454237.20808,98740.3308343,0,0.238928620431
84,123456781,2403816446,R1224YDZ&R123&R1233ZDE&R141B&R21,0.080000;0.200000;0.100000;0.560000;0.060000,4.97906016626,3591250.03456,100420.557957,0,0.0755868003713
84,123456781,2403816446,R1224YDZ&R123&R1233ZDE&R141B&R21,0.080000;0.200000;0.120000;0.560000;0.040000,4.98394781161,3570734.06895,100322.077778,0,0.0945600734615
84,123456781,2403816446,R1224YDZ&R123&R141B&R21&R245CA,0.080000;0.200000;0.560000;0.080000;0.080000,4.96836501139,3592080.13599,100636.728351,0,0.0906989210406
84,123456781,2403816446,R1224YDZ&R123&R141B&R21&RE347MCCHFE7000,0.100000;0.240000;0.600000;0.040000;0.020000,5.0162381925,3471626.69882,99676.2874513,0,0.238906199516
84,123456781,2403816446,R1224YDZ&R1233ZDE&R1234ZEZ&R21&R245FA,0.060000;0.100000;0.120000;0.640000;0.080000,4.95814575883,5723739.22238,100844.151084,0,1.37251464288
84,123456781,2403816446,R1224YDZ&R123&R1233ZDE&R141B&R21,0.080000;0.200000;0.080000;0.540000;0.100000,4.95890449588,3653415.66541,100828.721427,0,0.78207101213
84,123456781,2403816446,R123&R142B&R21&R245CA&R245FA,0.040000;0.140000;0.600000;0.100000;0.120000,4.83086231445,5853905.49111,103501.190358,0,1.03215585065
84,123456781,2403816446,R1224YDZ&R1233ZDE&R142B&R21&R245CA,0.060000;0.100000;0.240000;0.520000;0.080000,4.73999898143,5884203.12497,105485.254735,0,0.444388367671
84,123456781,2403816446,R123&R142B&R21&R245CA&R245FA,0.040000;0.240000;0.500000;0.100000;0.120000,4.71485207336,5915772.82476,106047.865812,0,0.170116849294
84,123456781,2403816446,R1234ZEZ&R142B&R21&R245CA&R245FA,0.120000;0.240000;0.480000;0.080000;0.080000,4.70103403232,6060989.00123,106359.578885,0,0.216061588997
84,123456781,2403816446,R1233ZDE&R1234ZEZ&R142B&R21&R245FA,0.100000;0.160000;0.160000;0.480000;0.100000,4.73739427597,5913238.60973,105543.252445,0,0.126662396871
84,123456781,2403816446,R123&R1233ZDE&R141B&R21&RE347MCCHFE7000,0.200000;0.100000;0.520000;0.140000;0.040000,4.9609624514,3623730.14086,100786.89466,0,0.0637234553839
84,123456781,2403816446,R123&R1233ZDE&R141B&R21&RE347MCCHFE7000,0.220000;0.120000;0.560000;0.060000;0.040000,5.01144742263,3492391.17264,99771.5745239,0,0.110285430929
84,123456781,2403816446,R1224YDZ&R1234ZEZ&R142B&R21&R245FA,0.080000;0.120000;0.260000;0.460000;0.080000,4.66920323028,6110854.32688,107084.651351,0,0.407897705661
85,123456781,2788221392,R1234ZEZ&R142B&R21&R245CA&R245FA,0.160000;0.500000;0.280000;0.020000;0.040000,4.46561335279,6409099.844,111966.702108,0,inf
85,123456781,2788221392,R1234ZEZ&R142B&R21&R245CA&R245FA,0.080000;0.140000;0.680000;0.040000;0.060000,4.89228586219,6139686.24619,102201.713899,0,1.05747097897
85,123456781,2788221392,R1234ZEZ&R142B&R21&R245CA&R245FA,0.140000;0.460000;0.320000;0.040000;0.040000,4.5081744108,6347599.38266,110909.639787,0,0.27177772359
85,123456781,2788221392,R1224YDZ&R1336MZZZ&R141B&R21&R245CA,0.020000;0.120000;0.660000;0.020000;0.180000,5.0446076859,3370149.68767,99115.7352826,0,inf
85,123456781,2788221392,R1234ZEZ&R142B&R21&R245CA&R245FA,0.160000;0.240000;0.560000;0.020000;0.020000,4.7585096253,6263936.57257,105074.916176,0,1.31365988544
85,123456781,2788221392,R1234ZEZ&R142B&R21&R245CA&R245FA,0.160000;0.420000;0.340000;0.020000;0.060000,4.53333193658,6334132.07206,110294.151629,0,0.913922217076
85,123456781,2788221392,R1234ZEZ&R1336MZZZ&R21&R245CA&R245FA,0.100000;0.020000;0.780000;0.060000;0.040000,5.03316985848,5847877.60949,99340.9747851,0,1.41456239097
86,123456781,866064822,R1224YDZ&R1233ZDE&R1336MZZZ&R21&R245FA,0.020000;0.100000;0.020000;0.820000;0.040000,5.07082707494,5763370.04473,98603.2441277,0,inf
86,123456781,866064822,R1224YDZ&R1233ZDE&R1234ZEZ&R21&R245FA,0.100000;0.020000;0.060000;0.740000;0.080000,5.01815258451,5852515.34314,99638.2616071,0,0.639629553489
86,123456781,866064822,R1224YDZ&R1234ZEZ&R142B&R21&R245FA,0.040000;0.120000;0.080000;0.600000;0.160000,4.8598438146,5971564.34564,102883.964809,0,0.299295639089
86,123456781,866064822,R1224YDZ&R1234ZEZ&R142B&R21&R245FA,0.040000;0.120000;0.020000;0.660000;0.160000,4.94034590042,5923749.96544,101207.488317,0,0.64688070042
86,123456781,866064822,R1224YDZ&R1234ZEZ&R142B&R21&R245FA,0.060000;0.140000;0.080000;0.600000;0.120000,4.8610778256,5957415.31117,102857.847156,0,0.324751447977
86,123456781,866064822,R1224YDZ&R1234ZEZ&R142B&R21&R245FA,0.060000;0.060000;0.500000;0.340000;0.040000,4.51778807752,6421528.74781,110673.628648,0,0.498135085221
86,123456781,866064822,R1224YDZ&R1234ZEZ&R142B&R21&R245FA,0.060000;0.060000;0.440000;0.400000;0.040000,4.577053108,6386471.3635,109240.593937,0,0.426787444491
86,123456781,866064822,R1224YDZ&R1234ZEZ&R142B&R21&R245FA,0.060000;0.100000;0.340000;0.440000;0.060000,4.63031601927,6256248.95764,107983.990276,0,0.43073194994
86,123456781,866064822,R1224YDZ&R1233ZDE&R142B&R21&R245FA,0.020000;0.020000;0.240000;0.600000;0.120000,4.79067734738,6223854.54406,104369.37488,0,0.462511094005
86,123456781,866064822,R1224YDZ&R1234ZEZ&R142B&R21&R245FA,0.060000;0.060000;0.400000;0.440000;0.040000,4.61675280997,6359597.75873,108301.228283,0,0.370346149635
86,123456781,866064822,R1224YDZ&R1233ZDE&R142B&R21&R245FA,0.060000;0.040000;0.600000;0.280000;0.020000,4.45701614621,6445038.75613,112182.676391,0,inf
86,123456781,866064822,R1224YDZ&R1234ZEZ&R142B&R21&R245CA,0.020000;0.040000;0.200000;0.660000;0.080000,4.85193028617,6141542.35117,103051.769195,0,0.470964574525
86,123456781,866064822,R1234ZEZ&R142B&R21&R245CA&R245FA,0.080000;0.300000;0.500000;0.040000;0.080000,4.69714412884,6248306.54963,106447.659745,0,0.574960576765
86,123456781,866064822,R1224YDZ&R1234ZEZ&R142B&R21&R245FA,0.040000;0.060000;0.200000;0.620000;0.080000,4.81630122358,6197558.12507,103814.104806,0,0.317571748691
87,123456781,3459048924,R1234ZEZ&R141B&R142B&R21&R245FA,0.020000;0.040000;0.580000;0.260000;0.100000,4.42578897325,6335128.47001,112974.20709,0,inf
87,123456781,3459048924,R1233ZDE&R1234ZEZ&R142B&R21&R245FA,0.080000;0.040000;0.060000;0.660000;0.160000,4.91957007732,5911079.82417,101634.897388,0,0.491380150721
87,123456781,3459048924,R123&R141B&R21&RE245FA2&RE347MCCHFE7000,0.100000;0.720000;0.060000;0.020000;0.100000,5.06392612662,3288928.41033,98737.6173148,0,inf
87,123456781,3459048924,R1233ZDE&R1234ZEZ&R142B&R21&R245FA,0.080000;0.040000;0.120000;0.560000;0.200000,4.81392213972,5917823.02653,103865.410675,0,0.540289100117
87,123456781,3459048924,R1234ZEZ&R142B&R21&R245CA&R245FA,0.040000;0.280000;0.500000;0.060000;0.120000,4.70592877118,6159853.14044,106248.951974,0,0.810161051948
87,123456781,3459048924,R123&R1233ZDE&R141B&R21&RE245FA2,0.200000;0.120000;0.520000;0.080000;0.080000,4.97849766058,3580513.66647,100431.904178,0,0.330944194655
87,123456781,3459048924,R1224YDZ&R123&R1234ZEZ&R21&R245FA,0.120000;0.060000;0.040000;0.660000;0.120000,4.94602042372,5645122.83154,101091.373906,0,0.833030227298
87,123456781,3459048924,R1234ZEZ&R142B&R21&R245FA&RE245FA2,0.040000;0.440000;0.360000;0.100000;0.060000,4.5177738891,6172724.32694,110673.976227,0,0.830396984297
87,123456781,3459048924,R1234ZEZ&R142B&R21&R245CA&R245FA,0.020000;0.200000;0.520000;0.100000;0.160000,4.74972760578,5968521.72852,105269.194678,0,0.416108960257
87,123456781,3459048924,R1234ZEZ&R141B&R142B&R21&R245FA,0.060000;0.020000;0.500000;0.280000;0.140000,4.4627071076,6289342.32925,112039.618094,0,0.359031438811
87,123456781,3459048924,R1233ZDE&R1336MZZZ&R141B&R21&R245CA,0.060000;0.040000;0.760000;0.120000;0.020000,5.04601239864,3513892.07663,99088.1433694,0,0.348601938121
87,123456781,3459048924,R123&R1233ZDE&R141B&R21&R245CA,0.160000;0.080000;0.540000;0.160000;0.060000,4.95723195881,3718503.44952,100862.740367,0,0.774981442382
88,123456781,3577132828,R123&R141B&R245CA&R245FA&RE347MCCHFE7000,0.320000;0.580000;0.040000;0.020000;0.040000,5.08238740417,3358218.65801,98378.9625304,0,inf
88,123456781,3577132828,R123&R1336MZZZ&R141B&R245CA&R245FA,0.300000;0.060000;0.540000;0.040000;0.060000,5.02711893172,3437611.51158,99460.547242,0,0.123050083629
88,123456781,3577132828,R1224YDZ&R123&R1233ZDE&R142B&R21,0.040000;0.040000;0.220000;0.020000;0.680000,5.00442593701,5500788.26355,99911.5595463,0,0.864573926961
88,123456781,3577132828,R123&R142B&R21&R245FA&RE245FA2,0.060000;0.020000;0.740000;0.100000;0.080000,4.97148605276,5639401.81171,100573.549778,0,0.111856566508
88,123456781,3577132828,R1224YDZ&R1234ZEZ&R142B&R21&R245FA,0.060000;0.100000;0.380000;0.320000;0.140000,4.52430211828,6154014.6519,110514.281966,0,inf
88,123456781,3577132828,R1224YDZ&R123&R1234ZEZ&R21&R245CA,0.060000;0.060000;0.120000;0.660000;0.100000,4.9786936143,5598495.54157,100427.951333,0,0.163153013034
88,123456781,3577132828,R1224YDZ&R142B&R21&R245CA&R245FA,0.060000;0.040000;0.700000;0.120000;0.080000,4.96708859629,5799029.83074,100662.589424,0,0.391026711447
88,123456781,3577132828,R1224YDZ&R1234ZEZ&R142B&R21&R245FA,0.080000;0.120000;0.120000;0.560000;0.120000,4.80717797412,5963674.56151,104011.127254,0,0.521430658349
88,123456781,3577132828,R123&R1233ZDE&R141B&R245FA&RE347MCCHFE7000,0.300000;0.060000;0.560000;0.040000;0.040000,5.03765105157,3403436.47551,99252.6069952,0,0.216556540316
88,123456781,3577132828,R1224YDZ&R1234ZEZ&R142B&R21&R245FA,0.080000;0.100000;0.340000;0.360000;0.120000,4.56562079187,6120348.94604,109514.132424,0,0.432220892334
88,123456781,3577132828,R123&R1233ZDE&R141B&R245CA&R245FA,0.300000;0.080000;0.520000;0.060000;0.040000,5.0123788459,3505564.21303,99753.0345115,0,0.815784325668
88,123456781,3577132828,R1224YDZ&R1234ZEZ&R142B&R21&R245FA,0.080000;0.140000;0.200000;0.460000;0.120000,4.69306545049,6002573.09959,106540.171936,0,0.466447869304
88,123456781,3577132828,R1224YDZ&R1234ZEZ&R142B&R21&R245FA,0.060000;0.100000;0.280000;0.420000;0.140000,4.63478089792,6105977.33081,107879.964773,0,0.475893581948
88,123456781,3577132828,R1224YDZ&R1234ZEZ&R142B&R21&R245FA,0.060000;0.120000;0.220000;0.460000;0.140000,4.68701495868,6051456.77961,106677.705194,0,0.251826669325
88,123456781,3577132828,R1224YDZ&R1234ZEZ&R142B&R21&R245FA,0.080000;0.100000;0.100000;0.580000;0.140000,4.83168488347,5943385.61747,103483.569823,0,0.302643509524
88,123456781,3577132828,R1224YDZ&R1234ZEZ&R142B&R21&R245FA,0.080000;0.140000;0.060000;0.620000;0.100000,4.88820420237,5920656.79447,102287.052525,0,0.526715395585
89,123456781,57848759,R1234ZEZ&R142B&R21&R245FA&R365MFC,0.220000;0.600000;0.140000;0.020000;0.020000,4.27944000598,6317883.9711,116837.716921,0,inf
89,123456781,57848759,R123&R1233ZDE&R141B&R21&R365MFC,0.400000;0.120000;0.320000;0.120000;0.040000,4.94463068777,3706683.72132,101119.786607,0,0.513976705845
89,123456781,57848759,R1233ZDE&R1234ZEZ&R142B&R21&R245FA,0.200000;0.120000;0.060000;0.480000;0.140000,4.80246553864,5611074.83432,104113.188523,0,0.254823810511
89,123456781,57848759,R123&R1233ZDE&R141B&R21&R245CA,0.080000;0.260000;0.560000;0.060000;0.040000,4.96605811554,3641386.62692,100683.477391,0,0.218582469747
89,123456781,57848759,R1233ZDE&R1234ZEZ&R142B&R21&R245FA,0.040000;0.200000;0.480000;0.200000;0.080000,4.39349559717,6221586.2765,113804.597943,0,0.413804892787
89,123456781,57848759,R123&R1234ZEZ&R142B&R21&R245FA,0.040000;0.200000;0.460000;0.240000;0.060000,4.42456563076,6202753.07521,113005.443184,0,0.283131941162
89,123456781,57848759,R1224YDZ&R1233ZDE&R21&R245CA&R245FA,0.020000;0.080000;0.580000;0.160000;0.160000,4.90870997228,5524937.74809,101859.75599,0,0.513510628325
89,123456781,57848759,R1224YDZ&R123&R1233ZDE&R141B&R21,0.040000;0.160000;0.100000;0.160000;0.540000,4.91274038314,4757158.17443,101776.190274,0,0.709870489034
89,123456781,57848759,R1224YDZ&R1233ZDE&R1234ZEZ&R142B&R21,0.080000;0.040000;0.140000;0.320000;0.420000,4.61357806361,6136585.47318,108375.753722,0,0.388025900226
89,123456781,57848759,R1224YDZ&R1233ZDE&R142B&R21&R245FA,0.020000;0.100000;0.280000;0.460000;0.140000,4.67562522127,6033318.70152,106937.57013,0,0.095137120807
89,123456781,57848759,R1224YDZ&R1233ZDE&R1234ZEZ&R21&R245FA,0.100000;0.060000;0.180000;0.480000;0.180000,4.82424406928,5603424.01339,103643.180739,0,0.300378876838
89,123456781,57848759,R1233ZDE&R1234ZEZ&R142B&R21&R245FA,0.160000;0.020000;0.180000;0.520000;0.120000,4.76082957844,5870554.83875,105023.713149,0,0.449057094782
89,123456781,57848759,R1234ZEZ&R142B&R21&R245FA&R365MFC,0.240000;0.560000;0.140000;0.040000;0.020000,4.28311714451,6234913.10796,116737.409492,0,0.359012703927
89,123456781,57848759,R1224YDZ&R1234ZEZ&R142B&R21&R245FA,0.100000;0.100000;0.260000;0.440000;0.100000,4.65268340199,6057388.94031,107464.866358,0,0.200479959342
89,123456781,57848759,R1224YDZ&R1234ZEZ&R142B&R21&R245FA,0.100000;0.060000;0.440000;0.300000;0.100000,4.49094896007,6188073.9321,111335.043984,0,0.28374216172
89,123456781,57848759,R1224YDZ&R1234ZEZ&R142B&R21&R245FA,0.060000;0.120000;0.380000;0.320000;0.120000,4.5225529697,6165978.79473,110557.024616,0,0.350940897479
89,123456781,57848759,R1234ZEZ&R142B&R21&R245CA&R245FA,0.040000;0.220000;0.440000;0.040000;0.260000,4.67845692195,5978775.51062,106872.844688,0,0.278936427715
89,123456781,57848759,R123&R1336MZZZ&R141B&R21&RE245FA2,0.300000;0.120000;0.480000;0.020000;0.080000,5.02933301339,3382818.65298,99416.7613615,0,inf
89,123456781,57848759,R123&R1233ZDE&R141B&R21&R245CA,0.260000;0.100000;0.520000;0.040000;0.080000,5.01088942413,3549738.7691,99782.6848049,0,0.245186925694
90,123456781,4124633306,R123&R1234ZEZ&R142B&R21&R245FA,0.020000;0.040000;0.700000;0.180000;0.060000,4.35966704183,6554425.49202,114687.657384,0,inf
90,123456781,4124633306,R123&R1336MZZZ&R141B&R21&R245CA,0.100000;0.080000;0.700000;0.040000;0.080000,5.08832067835,3383530.37588,98264.2470093,0,inf
90,123456781,4124633306,R123&R1234ZEZ&R142B&R21&R245FA,0.040000;0.060000;0.660000;0.200000;0.040000,4.37184845063,6475014.76395,114368.09982,0,0.487575827106
90,123456781,4124633306,R1224YDZ&R1234ZEZ&R142B&R21&R245CA,0.080000;0.100000;0.280000;0.500000;0.040000,4.69392336778,6135834.91203,106520.699386,0,0.255167557677
90,123456781,4124633306,R1224YDZ&R123&R1234ZEZ&R21&R245CA,0.060000;0.020000;0.080000;0.780000;0.060000,5.06180781055,5827054.24294,98778.9380225,0,1.27992958622
90,123456781,4124633306,R1234ZEZ&R142B&R21&R245CA&R245FA,0.060000;0.440000;0.380000;0.060000;0.060000,4.5683196585,6323822.03472,109449.433791,0,0.278290775389
90,123456781,4124633306,R1234ZEZ&R142B&R21&R245CA&R245FA,0.080000;0.380000;0.400000;0.060000;0.080000,4.59660839581,6239403.75675,108775.853182,0,0.0828170202276
90,123456781,4124633306,R1234ZEZ&R142B&R21&R245CA&R245FA,0.100000;0.080000;0.660000;0.060000;0.100000,4.91137439994,5988510.62142,101804.496926,0,0.684724414441
90,123456781,4124633306,R1224YDZ&R1234ZEZ&R142B&R21&R245FA,0.060000;0.060000;0.380000;0.400000;0.100000,4.59227720038,6259790.93425,108878.444872,0,0.106459595361
90,123456781,4124633306,R1234ZEZ&R142B&R21&R245CA&R245FA,0.080000;0.240000;0.520000;0.060000;0.100000,4.73294215776,6125425.1527,105642.533404,0,0.216079515782
90,123456781,4124633306,R123&R1234ZEZ&R142B&R21&R245FA,0.020000;0.060000;0.520000;0.340000;0.060000,4.51777937763,6471388.02056,110673.841772,0,0.616808491055
90,123456781,4124633306,R1224YDZ&R1234ZEZ&R142B&R21&R245FA,0.060000;0.080000;0.200000;0.560000;0.100000,4.77113874074,6119528.00262,104796.784828,0,0.278620989386
90,123456781,4124633306,R123&R142B&R21&R245CA&R245FA,0.020000;0.200000;0.640000;0.060000;0.080000,4.83346652106,6103600.20354,103445.425312,0,0.415973838416
90,123456781,4124633306,R1224YDZ&R1234ZEZ&R142B&R21&R245FA,0.060000;0.080000;0.340000;0.420000;0.100000,4.61704639942,6217749.20479,108294.341608,0,0.158665095118
90,123456781,4124633306,R1224YDZ&R1234ZEZ&R142B&R21&R245FA,0.080000;0.080000;0.320000;0.460000;0.060000,4.65021914888,6211711.61901,107521.814347,0,0.23933343686
91,123456781,1923033924,R123&R1233ZDE&R141B&RE245FA2&RE347MCCHFE7000,0.200000;0.080000;0.600000;0.040000;0.080000,5.04354796163,3308379.90372,99136.5609694,0,0.147063309338
91,123456781,1923033924,R1224YDZ&R123&R1233ZDE&R21&RE245FA2,0.060000;0.200000;0.060000;0.640000;0.040000,4.96847260916,5160666.1436,100634.548951,0,0.662723702231
91,123456781,1923033924,R1224YDZ&R1233ZDE&R21&R245CA&RE245FA2,0.080000;0.100000;0.600000;0.160000;0.060000,4.94561196841,5328247.12234,101099.722985,0,0.259057174253
91,123456781,1923033924,R1224YDZ&R1233ZDE&R1234ZEZ&R142B&R21,0.080000;0.060000;0.180000;0.180000;0.500000,4.73545539873,5949956.01526,105586.465904,0,0.21020727505
91,123456781,1923033924,R1233ZDE&R1234ZEZ&R142B&R21&R245FA,0.060000;0.160000;0.200000;0.460000;0.120000,4.70167697762,6012219.29564,106345.034416,0,0.211774674087
91,123456781,1923033924,R1233ZDE&R1234ZEZ&R21&R245FA&RE245FA2,0.140000;0.140000;0.560000;0.100000;0.060000,4.88956074813,5515995.81436,102258.674297,0,0.0970955540268
91,123456781,1923033924,R1224YDZ&R1233ZDE&R1234ZEZ&R21&RE245FA2,0.120000;0.100000;0.200000;0.540000;0.040000,4.89070845941,5497271.71812,102234.677072,0,0.0567393564749
91,123456781,1923033924,R1336MZZZ&R141B&R21&R245CA&RE245FA2,0.020000;0.120000;0.740000;0.040000;0.080000,4.95456862821,5180794.2969,100916.959178,0,0.125775380115
91,123456781,1923033924,R1233ZDE&R1234ZEZ&R21&R245CA&RE245FA2,0.100000;0.180000;0.560000;0.060000;0.100000,4.8960414182,5400561.81756,102123.319084,0,0.231888798804
91,123456781,1923033924,R1234ZEZ&R142B&R21&R245FA&RE245FA2,0.140000;0.200000;0.500000;0.120000;0.040000,4.71058236631,6006864.82218,106143.98839,0,0.134498731411
91,123456781,1923033924,R1224YDZ&R1233ZDE&R1234ZEZ&R142B&R21,0.080000;0.080000;0.160000;0.160000;0.520000,4.76284039709,5901360.83978,104979.373297,0,0.492552609172
91,123456781,1923033924,R123&R141B&R21&R365MFC&RE245FA2,0.080000;0.600000;0.020000;0.120000;0.180000,5.05019452692,3272699.65255,99006.0872576,0,0.0560792839228
91,123456781,1923033924,R1224YDZ&R123&R141B&R21&RE245FA2,0.040000;0.220000;0.580000;0.100000;0.060000,5.00458068644,3547223.64307,99908.4701252,0,0.694912092278
91,123456781,1923033924,R1224YDZ&R123&R141B&R21&RE347MCCHFE7000,0.020000;0.100000;0.720000;0.040000;0.120000,5.05600034154,3255357.20709,98892.3983829,0,inf
91,123456781,1923033924,R1233ZDE&R1234ZEZ&R142B&R21&R245FA,0.040000;0.160000;0.240000;0.420000;0.140000,4.65373447854,6059078.88804,107440.594711,0,0.450142945394
91,123456781,1923033924,R1233ZDE&R1234ZEZ&R142B&R21&R245FA,0.040000;0.020000;0.600000;0.280000;0.060000,4.46649506052,6518448.74519,111944.599339,0,inf
91,123456781,1923033924,R1233ZDE&R1234ZEZ&R21&R245FA&RE245FA2,0.060000;0.160000;0.560000;0.160000;0.060000,4.8714373311,5606321.90768,102639.111625,0,0.156812791947
91,123456781,1923033924,R1224YDZ&R1234ZEZ&R142B&R21&R245FA,0.040000;0.060000;0.480000;0.280000;0.140000,4.47471734158,6285467.2724,111738.901439,0,0.532956059228
91,123456781,1923033924,R1224YDZ&R123&R1233ZDE&R141B&RE245FA2,0.060000;0.180000;0.100000;0.600000;0.060000,5.02169190579,3454321.05023,99568.035909,0,0.198437345967
91,123456781,1923033924,R1233ZDE&R1234ZEZ&R142B&R21&R245FA,0.080000;0.040000;0.400000;0.400000;0.080000,4.59292121317,6249536.71618,108863.178094,0,0.702368626845
91,123456781,1923033924,R1233ZDE&R1234ZEZ&R21&R245CA&R245FA,0.020000;0.080000;0.540000;0.060000;0.300000,4.85799424327,5686842.66068,102923.13555,0,0.453934218864
92,123456781,978469103,R1224YDZ&R123&R1233ZDE&R1234ZEZ&R21,0.120000;0.100000;0.040000;0.100000;0.640000,4.95988556602,5478862.42253,100808.777409,0,0.185421533179
92,123456781,978469103,R1224YDZ&R123&R141B&R142B&R21,0.140000;0.100000;0.020000;0.060000;0.680000,4.92322849104,5527887.50575,101559.373267,0,0.172498766663
92,123456781,978469103,R1224YDZ&R1234ZEZ&R141B&R142B&R21,0.160000;0.120000;0.020000;0.140000;0.560000,4.78447357445,5834179.74029,104504.705109,0,0.341666579137
92,123456781,978469103,R123&R1233ZDE&R141B&R245CA&R365MFC,0.100000;0.100000;0.600000;0.140000;0.060000,5.0324910354,3424594.70688,99354.374699,0,0.173405838914
92,123456781,978469103,R123&R1233ZDE&R141B&R245CA&R365MFC,0.140000;0.120000;0.500000;0.160000;0.080000,4.97716124834,3470406.20646,100458.871041,0,0.0930432361502
92,123456781,978469103,R1224YDZ&R1234ZEZ&R142B&R21&R245FA,0.080000;0.060000;0.200000;0.480000;0.180000,4.70965385614,5998113.82324,106164.914721,0,0.358242971192
92,123456781,978469103,R1224YDZ&R1234ZEZ&R142B&R21&R245CA,0.060000;0.120000;0.460000;0.320000;0.040000,4.50097309361,6282895.85984,111087.089303,0,0.131367041285
92,123456781,978469103,R1224YDZ&R1234ZEZ&R142B&R21&R245CA,0.080000;0.100000;0.300000;0.460000;0.060000,4.65731669897,6098746.94329,107357.955732,0,0.255346606363
92,123456781,978469103,R123&R1233ZDE&R141B&R245CA&R365MFC,0.100000;0.100000;0.540000;0.200000;0.060000,4.99318472745,3461875.83948,100136.491496,0,0.0712314105112
92,123456781,978469103,R1224YDZ&R123&R1234ZEZ&R142B&R21,0.080000;0.020000;0.020000;0.600000;0.280000,4.44508981206,6435143.30931,112483.666504,0,inf
92,123456781,978469103,R123&R1233ZDE&R141B&R245CA&R365MFC,0.160000;0.120000;0.480000;0.180000;0.060000,4.9673025577,3500892.78654,100658.253487,0,0.640548371582
92,123456781,978469103,R123&R1233ZDE&R141B&R245CA&R365MFC,0.100000;0.120000;0.580000;0.140000;0.060000,5.01565399302,3444238.44574,99687.8972704,0,0.114864647227
92,123456781,978469103,R1224YDZ&R1234ZEZ&R142B&R21&R245FA,0.080000;0.100000;0.320000;0.400000;0.100000,4.60340786978,6139651.74031,108615.185563,0,0.160163997956
92,123456781,978469103,R1224YDZ&R1234ZEZ&R142B&R21&R245FA,0.040000;0.120000;0.340000;0.380000;0.120000,4.58542320143,6196022.49882,109041.189447,0,0.334954056077
92,123456781,978469103,R1224YDZ&R123&R1234ZEZ&R142B&R21,0.100000;0.020000;0.040000;0.520000;0.320000,4.48389536765,6323012.92731,111510.184561,0,0.242438809549
92,123456781,978469103,R123&R1233ZDE&R142B&R21&R245CA,0.120000;0.080000;0.020000;0.640000;0.140000,4.96523664941,5359671.71017,100700.134818,0,0.654852326681
92,123456781,978469103,R123&R1336MZZZ&R141B&R365MFC&RE245FA2,0.220000;0.040000;0.540000;0.080000;0.120000,5.05739439805,3303889.8407,98865.138972,0,inf
92,123456781,978469103,R123&R1233ZDE&R141B&R245CA&R365MFC,0.120000;0.120000;0.540000;0.140000;0.080000,4.99775116244,3447817.40111,100044.996989,0,0.0752689120235
92,123456781,978469103,R1233ZDE&R1234ZEZ&R142B&R21&R245CA,0.100000;0.120000;0.040000;0.600000;0.140000,4.92131087105,5640052.9237,101598.946521,0,0.362380182891
92,123456781,978469103,R1224YDZ&R1234ZEZ&R142B&R21&R245CA,0.040000;0.320000;0.180000;0.440000;0.020000,4.69173336348,6006704.99118,106570.42105,0,0.205218235375
92,123456781,978469103,R1234ZEZ&R142B&R21&R245CA&R245FA,0.240000;0.040000;0.500000;0.120000;0.100000,4.82558256866,5690730.40773,103614.432638,0,0.347336459631
92,123456781,978469103,R1234ZEZ&R142B&R21&R245CA&R245FA,0.120000;0.060000;0.520000;0.140000;0.160000,4.81773528797,5695760.72688,103783.203126,0,0.133111756569
92,123456781,978469103,R1224YDZ&R123&R142B&R21&R245CA,0.080000;0.040000;0.380000;0.460000;0.040000,4.62635841385,6125684.52189,108076.36488,0,0.193423502073
92,123456781,978469103,R1224YDZ&R1234ZEZ&R142B&R21&R245FA,0.140000;0.120000;0.080000;0.520000;0.140000,4.79440057947,5793130.94862,104288.323788,0,0.151507234997
92,123456781,978469103,R123&R1234ZEZ&R142B&R21&R245FA,0.020000;0.120000;0.420000;0.320000;0.120000,4.51548529981,6252585.39759,110730.069262,0,0.31589483988
93,123456781,3877451819,R1224YDZ&R1233ZDE&R1234ZEZ&R141B&R21,0.220000;0.100000;0.020000;0.020000;0.640000,4.97112143369,5453300.69783,100580.926592,0,0.818119360749
93,123456781,3877451819,R1224YDZ&R123&R141B&R245FA&RE245FA2,0.020000;0.100000;0.740000;0.080000;0.060000,5.07773813846,3376546.74902,98469.0400264,0,0.237511314658
93,123456781,3877451819,R1233ZDE&R1234ZEZ&R141B&R142B&R21,0.100000;0.020000;0.040000;0.300000;0.540000,4.69177345905,6027771.0908,106569.510307,0,0.254115220294
93,123456781,3877451819,R1224YDZ&R1234ZEZ&R1336MZZZ&R142B&R21,0.080000;0.140000;0.020000;0.360000;0.400000,4.55775287985,6139700.60509,109703.183385,0,inf
93,123456781,3877451819,R1233ZDE&R1234ZEZ&R142B&R21&R245CA,0.100000;0.060000;0.220000;0.480000;0.140000,4.72137095118,5805670.37091,105901.443706,0,0.175629891076
93,123456781,3877451819,R1224YDZ&R1234ZEZ&R142B&R21&R245FA,0.040000;0.200000;0.260000;0.400000;0.100000,4.6239826129,6098283.35273,108131.894485,0,0.388014149876
93,123456781,3877451819,R1224YDZ&R123&R1233ZDE&R141B&RE245FA2,0.040000;0.120000;0.180000;0.580000;0.080000,4.9894276559,3487928.60305,100211.894927,0,0.168291002499
93,123456781,3877451819,R1233ZDE&R1234ZEZ&R142B&R21&R245FA,0.080000;0.140000;0.260000;0.420000;0.100000,4.6465291886,6046239.06297,107607.200925,0,0.292616533923
93,123456781,3877451819,R1233ZDE&R1234ZEZ&R21&R245FA&RE245FA2,0.120000;0.040000;0.660000;0.120000;0.060000,4.95312527498,5605537.0925,100946.366635,0,0.437241090233
93,123456781,3877451819,R1224YDZ&R1233ZDE&R1234ZEZ&R142B&R21,0.140000;0.020000;0.220000;0.040000;0.580000,4.88448442046,5774971.67476,102364.949288,0,0.900995290463
93,123456781,3877451819,R1224YDZ&R123&R1336MZZZ&R141B&RE245FA2,0.040000;0.120000;0.080000;0.680000;0.080000,5.08148547076,3318894.49195,98396.4242104,0,inf
93,123456781,3877451819,R1224YDZ&R142B&R21&R245CA&R245FA,0.080000;0.160000;0.480000;0.100000;0.180000,4.7321396528,5780781.48186,105660.448906,0,0.635104153242
93,123456781,3877451819,R1224YDZ&R1233ZDE&R1234ZEZ&R142B&R21,0.080000;0.100000;0.160000;0.200000;0.460000,4.69667767623,5886171.79671,106458.231641,0,0.194334812164
93,123456781,3877451819,R123&R1233ZDE&R1336MZZZ&R141B&R245CA,0.120000;0.180000;0.080000;0.520000;0.100000,4.97257566188,3501048.38381,100551.511731,0,0.764332814415
93,123456781,3877451819,R1224YDZ&R123&R1336MZZZ&R141B&R245CA,0.080000;0.120000;0.100000;0.620000;0.080000,5.01677768103,3397999.93221,99665.5685762,0,0.0573237703859
93,123456781,3877451819,R123&R1233ZDE&R1336MZZZ&R141B&R245CA,0.120000;0.120000;0.040000;0.580000;0.140000,5.01517781709,3468878.74668,99697.3623341,0,0.132420403156
93,123456781,3877451819,R123&R1233ZDE&R1336MZZZ&R141B&RE245FA2,0.160000;0.100000;0.100000;0.560000;0.080000,5.02282707107,3386256.35415,99545.5334069,0,0.229825670977
94,123456781,3627974716,R123&R1234ZEZ&R21&R245CA&R245FA,0.020000;0.060000;0.860000;0.040000;0.020000,5.10939185056,5968545.71552,97859.0044813,0,inf
94,123456781,3627974716,R1234ZEZ&R142B&R21&R245CA&R245FA,0.080000;0.180000;0.640000;0.040000;0.060000,4.8445402184,6175897.00624,103208.968748,0,inf
94,123456781,3627974716,R123&R1234ZEZ&R142B&R21&R245FA,0.040000;0.060000;0.180000;0.680000;0.040000,4.85625943044,6145584.80066,102959.90302,0,0.656299126979
94,123456781,3627974716,R123&R1234ZEZ&R142B&R21&R245FA,0.020000;0.080000;0.120000;0.720000;0.060000,4.92173028359,6134453.84114,101590.288616,0,0.882573446445
94,123456781,3627974716,R123&R142B&R21&R245CA&R245FA,0.040000;0.100000;0.760000;0.060000;0.040000,4.96401263111,5975505.46423,100724.965297,0,1.88043599871
94,123456781,3627974716,R123&R1234ZEZ&R142B&R21&R245FA,0.020000;0.080000;0.100000;0.760000;0.040000,4.96132555153,6129344.18152,100779.518459,0,1.0879548171
94,123456781,3627974716,R123&R1234ZEZ&R142B&R21&R245FA,0.020000;0.120000;0.160000;0.640000;0.060000,4.8453102984,6148609.15056,103192.565431,0,0.236990554842
95,123456781,3883306706,R1233ZDE&R142B&R21&R245CA&R245FA,0.100000;0.220000;0.600000;0.020000;0.060000,4.80095701254,6067242.16525,104145.902305,0,0.24107364212
95,123456781,3883306706,R1224YDZ&R142B&R21&R245CA&R245FA,0.040000;0.220000;0.580000;0.020000;0.140000,4.78332951691,6143849.20716,104529.700125,0,0.741335279003
95,123456781,3883306706,R1233ZDE&R1234ZEZ&R142B&R21&R245FA,0.040000;0.080000;0.460000;0.300000;0.120000,4.4984378662,6285482.17949,111149.69571,0,inf
95,123456781,3883306706,R1234ZEZ&R142B&R21&R245CA&R245FA,0.040000;0.200000;0.580000;0.060000;0.120000,4.79408882803,6105973.59586,104295.10548,0,0.242753754115
95,123456781,3883306706,R1234ZEZ&R142B&R21&R245CA&R245FA,0.080000;0.300000;0.500000;0.020000;0.100000,4.69740980729,6276338.31428,106441.639225,0,1.35175062534
95,123456781,3883306706,R123&R1233ZDE&R1234ZEZ&R142B&R21,0.020000;0.100000;0.040000;0.020000;0.820000,5.07684092484,5864494.08113,98486.4421403,0,inf
95,123456781,3883306706,R123&R1234ZEZ&R142B&R21&R245FA,0.060000;0.080000;0.100000;0.620000;0.140000,4.85301652318,5901311.54491,103028.703408,0,0.527593462625
95,123456781,3883306706,R1234ZEZ&R142B&R21&R245CA&R245FA,0.120000;0.160000;0.580000;0.080000;0.060000,4.81194403398,6030345.9739,103908.107923,0,0.327655671911
95,123456781,3883306706,R123&R1234ZEZ&R142B&R21&R245FA,0.040000;0.100000;0.120000;0.580000;0.160000,4.81810982796,5954113.72001,103775.135448,0,0.446959282359
95,123456781,3883306706,R123&R1233ZDE&R1234ZEZ&R142B&R21,0.020000;0.120000;0.060000;0.100000;0.700000,4.93147165384,5893819.43104,101389.612492,0,0.405591414312
95,123456781,3883306706,R1233ZDE&R1234ZEZ&R142B&R21&R245FA,0.100000;0.080000;0.040000;0.680000;0.100000,4.95377053769,5873559.87964,100933.217677,0,0.550246486006
96,123456781,1761676402,R1234ZEZ&R141B&R142B&R21&R245FA,0.100000;0.020000;0.140000;0.620000;0.120000,4.83053884059,6056140.54729,103508.121247,0,0.590360888737
96,123456781,1761676402,R1224YDZ&R1234ZEZ&R142B&R21&R245FA,0.140000;0.060000;0.080000;0.600000;0.120000,4.85447830075,5856381.10637,102997.679467,0,0.554160078978
96,123456781,1761676402,R1233ZDE&R1234ZEZ&R142B&R21&R245FA,0.040000;0.060000;0.380000;0.460000;0.060000,4.64334364929,6355654.15307,107681.024228,0,inf
96,123456781,1761676402,R123&R141B&R21&R245CA&RE245FA2,0.040000;0.740000;0.100000;0.080000;0.040000,5.05911786357,3470062.44092,98831.4590575,0,0.867826735628
96,123456781,1761676402,R1224YDZ&R1233ZDE&R1234ZEZ&R21&R245FA,0.120000;0.080000;0.100000;0.600000;0.100000,4.92112041692,5655931.12487,101602.87854,0,0.960692456144
96,123456781,1761676402,R1233ZDE&R141B&R21&R245CA&R365MFC,0.060000;0.040000;0.840000;0.020000;0.040000,5.04298398873,5555358.50525,99147.6477255,0,1.36328399289
96,123456781,1761676402,R123&R1233ZDE&R141B&R245CA&R365MFC,0.240000;0.080000;0.580000;0.040000;0.060000,5.07407764433,3400656.42033,98540.07665,0,inf
96,123456781,1761676402,R1233ZDE&R142B&R21&R245CA&R245FA,0.060000;0.280000;0.560000;0.040000;0.060000,4.7511110549,6167353.38898,105238.541937,0,0.992460743196
97,123456781,2593838316,R141B&R142B&R21&R245CA&R245FA,0.080000;0.040000;0.820000;0.020000;0.040000,4.99737491861,5745412.79272,100052.529206,0,0.193302320813
97,123456781,2593838316,R1224YDZ&R123&R1233ZDE&R142B&R21,0.080000;0.120000;0.020000;0.020000;0.760000,5.0213629936,5574783.31427,99574.5578714,0,inf
97,123456781,2593838316,R1233ZDE&R142B&R21&R245CA&R245FA,0.100000;0.060000;0.740000;0.060000;0.040000,4.99422277936,5860364.59465,100115.678072,0,0.660782071228
97,123456781,2593838316,R1224YDZ&R1233ZDE&R142B&R21&R245CA,0.100000;0.040000;0.040000;0.720000;0.100000,4.99916070061,5741285.0086,100016.788806,0,0.343538560524
97,123456781,2593838316,R1234ZEZ&R142B&R21&R245CA&R245FA,0.120000;0.260000;0.440000;0.020000;0.160000,4.66276694257,6125460.97669,107232.466507,0,0.836400246772
97,123456781,2593838316,R1233ZDE&R142B&R21&R245CA&R245FA,0.080000;0.200000;0.580000;0.020000;0.120000,4.7954880671,6041966.2334,104264.674003,0,0.319726482684
97,123456781,2593838316,R1234ZEZ&R142B&R21&R245CA&R245FA,0.160000;0.400000;0.340000;0.040000;0.060000,4.53703497602,6259921.72288,110204.131694,0,inf
97,123456781,2593838316,R1234ZEZ&R142B&R21&R245CA&R245FA,0.160000;0.180000;0.500000;0.020000;0.140000,4.73990549637,6065340.5844,105487.335218,0,0.67509845226
97,123456781,2593838316,R1234ZEZ&R142B&R21&R245CA&R245FA,0.160000;0.380000;0.340000;0.060000;0.060000,4.5411450484,6186619.13811,110104.388799,0,0.310215279663
97,123456781,2593838316,R1234ZEZ&R142B&R21&R245CA&R245FA,0.140000;0.340000;0.360000;0.040000;0.120000,4.57163785777,6150096.26834,109369.99289,0,0.610560931622
97,123456781,2593838316,R1233ZDE&R1234ZEZ&R142B&R21&R245FA,0.020000;0.100000;0.060000;0.680000;0.140000,4.93300336522,6022925.22758,101358.130733,0,1.00989134278
97,123456781,2593838316,R1233ZDE&R1234ZEZ&R142B&R21&R245FA,0.040000;0.120000;0.140000;0.560000;0.140000,4.80396590389,6027572.29355,104080.672095,0,0.58516086849
98,123456781,3871418657,R1234ZEZ&R141B&R142B&R21&R365MFC,0.240000;0.060000;0.100000;0.580000;0.020000,4.79008006111,5740616.5173,104382.388942,0,0.667284992655
98,123456781,3871418657,R1234ZEZ&R141B&R142B&R21&R245FA,0.220000;0.040000;0.440000;0.220000;0.080000,4.40268942452,6102590.13616,113566.947788,0,inf
98,123456781,3871418657,R1224YDZ&R1233ZDE&R142B&R21&R245FA,0.080000;0.100000;0.400000;0.340000;0.080000,4.54066265879,6043313.49213,110116.086037,0,0.326140361135
98,123456781,3871418657,R1234ZEZ&R141B&R142B&R21&R245FA,0.200000;0.040000;0.380000;0.280000;0.100000,4.46929196034,6060970.4504,111874.543985,0,0.333377524461
98,123456781,3871418657,R123&R141B&R21&R365MFC&RE245FA2,0.120000;0.600000;0.160000;0.080000;0.040000,4.99355635541,3556397.15009,100129.039188,0,0.704001179599
98,123456781,3871418657,R123&R1233ZDE&R141B&R365MFC&RE245FA2,0.160000;0.140000;0.620000;0.060000;0.020000,5.06620289081,3402480.67429,98693.2443837,0,0.0676701813063
98,123456781,3871418657,R123&R1233ZDE&R141B&R365MFC&RE245FA2,0.180000;0.140000;0.580000;0.060000;0.040000,5.04663579656,3412684.70499,99075.9032663,0,0.0835347538415
98,123456781,3871418657,R1224YDZ&R123&R1233ZDE&R141B&RE245FA2,0.060000;0.140000;0.160000;0.600000;0.040000,5.00366260972,3491619.76511,99926.8014251,0,0.08941444385
98,123456781,3871418657,R1224YDZ&R1233ZDE&R21&R245CA&RE245FA2,0.040000;0.260000;0.620000;0.040000;0.040000,4.98748655279,5354773.00354,100250.896861,0,0.831827562146
98,123456781,3871418657,R123&R1233ZDE&R1336MZZZ&R141B&RE245FA2,0.140000;0.180000;0.040000;0.580000;0.060000,5.02122419768,3451107.45758,99577.3102964,0,0.0584237191171
98,123456781,3871418657,R1224YDZ&R1234ZEZ&R142B&R21&R245CA,0.060000;0.220000;0.180000;0.500000;0.040000,4.73753592966,6005068.81785,105540.096671,0,0.223733082797
98,123456781,3871418657,R1224YDZ&R21&R245CA&R245FA&RE245FA2,0.060000;0.700000;0.040000;0.140000;0.060000,4.96272101909,5676764.54074,100751.180265,0,0.630573657163
98,123456781,3871418657,R1224YDZ&R142B&R21&R245CA&RE245FA2,0.060000;0.260000;0.580000;0.040000;0.060000,4.74212313461,5991714.09398,105438.004414,0,0.228908925247
98,123456781,3871418657,R1234ZEZ&R142B&R21&R245CA&R245FA,0.200000;0.220000;0.420000;0.040000;0.120000,4.66019266339,6022639.45108,107291.701463,0,0.405671607022
98,123456781,3871418657,R123&R1336MZZZ&R141B&R365MFC&RE245FA2,0.280000;0.040000;0.580000;0.060000;0.040000,5.10453656659,3322136.17867,97952.0850674,0,0.0693522334349
98,123456781,3871418657,R123&R1233ZDE&R141B&R245CA&R365MFC,0.160000;0.140000;0.560000;0.100000;0.040000,5.01772915611,3471093.02296,99646.6697273,0,0.0572506522928
98,123456781,3871418657,R123&R141B&R245CA&R365MFC&RE245FA2,0.140000;0.660000;0.080000;0.080000;0.040000,5.11028202543,3312544.55904,97841.9581369,0,0.201742345394
98,123456781,3871418657,R1234ZEZ&R142B&R21&R245CA&R245FA,0.220000;0.280000;0.360000;0.060000;0.080000,4.58682653341,6035999.65447,109007.828475,0,0.324687794506
98,123456781,3871418657,R1224YDZ&R1234ZEZ&R142B&R21&R245FA,0.080000;0.200000;0.400000;0.220000;0.100000,4.42088126142,6061432.72558,113099.622096,0,0.198569699174
98,123456781,3871418657,R1224YDZ&R123&R141B&R365MFC&RE245FA2,0.020000;0.140000;0.800000;0.020000;0.020000,5.18582405635,3298529.38893,96416.6918443,0,inf
98,123456781,3871418657,R1224YDZ&R123&R141B&R245CA&RE245FA2,0.020000;0.160000;0.660000;0.120000;0.040000,5.09177812621,3382623.36861,98197.5230668,0,0.104084157209
98,123456781,3871418657,R123&R1233ZDE&R141B&R365MFC&RE245FA2,0.200000;0.160000;0.560000;0.040000;0.040000,5.03777991081,3443906.50082,99250.0682547,0,0.0753872344596
98,123456781,3871418657,R1224YDZ&R123&R141B&R245CA&RE245FA2,0.040000;0.140000;0.660000;0.120000;0.040000,5.07191905319,3394212.19169,98582.0149644,0,0.0686437469662
99,123456781,2197340159,R123&R1336MZZZ&R141B&R245FA&RE245FA2,0.020000;0.060000;0.740000;0.080000;0.100000,5.07696826043,3322057.2299,98483.9719989,0,0.911346163104
99,123456781,2197340159,R123&R1234ZEZ&R142B&R21&R245FA,0.040000;0.180000;0.360000;0.300000;0.120000,4.50559697544,6078587.63276,110973.085859,0,inf
99,123456781,2197340159,R123&R1336MZZZ&R141B&R245CA&RE245FA2,0.060000;0.080000;0.660000;0.100000;0.100000,5.08293207037,3308752.55877,98368.4206433,0,inf
99,123456781,2197340159,R1233ZDE&R1234ZEZ&R1336MZZZ&R141B&R21,0.080000;0.020000;0.040000;0.020000;0.840000,5.06319787727,5654103.38893,98751.8189334,0,1.77135654312
99,123456781,2197340159,R1233ZDE&R1234ZEZ&R142B&R21&R245FA,0.080000;0.040000;0.180000;0.560000;0.140000,4.78673006456,6024450.21522,104455.441033,0,0.0733749473711
99,123456781,2197340159,R1234ZEZ&R141B&R142B&R21&R245FA,0.040000;0.040000;0.200000;0.620000;0.100000,4.78597939984,6065543.50993,104471.824517,0,1.0235768967
99,123456781,2197340159,R1233ZDE&R141B&R142B&R21&R245FA,0.080000;0.040000;0.140000;0.620000;0.120000,4.81925470221,5834711.79318,103750.482366,0,1.00913801941
99,123456781,2197340159,R1233ZDE&R1234ZEZ&R142B&R21&R245FA,0.100000;0.040000;0.160000;0.560000;0.140000,4.7964378665,5962540.47703,104244.027321,0,0.18076590224
100,123456781,268217778,R123&R1233ZDE&R142B&R21&R245CA,0.020000;0.020000;0.220000;0.720000;0.020000,4.87433816493,6233469.69368,102578.028664,0,0.748593866052
100,123456781,268217778,R1224YDZ&R1234ZEZ&R142B&R21&R245FA,0.040000;0.160000;0.440000;0.340000;0.020000,4.52284442888,6373619.14705,110549.900149,0,inf
100,123456781,268217778,R1224YDZ&R1234ZEZ&R142B&R21&R245FA,0.080000;0.160000;0.060000;0.640000;0.060000,4.90640341002,5942077.90646,101907.641548,0,0.68230094933
100,123456781,268217778,R1234ZEZ&R141B&R142B&R21&RE245FA2,0.040000;0.020000;0.040000;0.860000;0.040000,5.05326388568,5940617.4515,98945.9508373,0,0.889688588556
100,123456781,268217778,R1233ZDE&R1234ZEZ&R142B&R21&R245CA,0.020000;0.040000;0.260000;0.660000;0.020000,4.82299270362,6333391.70954,103670.071826,0,1.54954488903
100,123456781,268217778,R1234ZEZ&R141B&R142B&R21&R245FA,0.060000;0.040000;0.120000;0.720000;0.060000,4.89643927635,6018934.98406,102115.021096,0,0.56076652241
100,123456781,268217778,R1233ZDE&R1234ZEZ&R141B&R21&RE245FA2,0.040000;0.060000;0.040000;0.820000;0.040000,5.05894649342,5716932.69598,98834.8069406,0,inf
